timestamp,vnf,cpu_num,cpu_time,vcpu_time,user_time,system_time,total_mem,rss_mem,read_count,read_bytes,write_count,write_bytes,packets_recv,bytes_recv,packets_sent,bytes_sent
"2022-05-06 15:45:35",firewall,2,0.0,0.0,0.0,0.0,3082280.0,0,0.0,0.0,0.0,0.0,24859.0,27089950.0,93260241.0,6047908384.0
"2022-05-06 15:45:36",firewall,2,0.0,0.0,0.0,0.0,3082280.0,0,0.0,0.0,0.0,0.0,49349.0,53784050.0,93278579.0,6049118692.0
"2022-05-06 15:45:37",firewall,2,0.0,0.0,0.0,0.0,3082280.0,0,0.0,0.0,0.0,0.0,73815.0,80451990.0,93296923.0,6050329396.0
"2022-05-06 15:45:38",firewall,2,0.0,0.0,0.0,0.0,3082280.0,0,0.0,0.0,11.0,57344.0,98251.0,107089350.0,93315259.0,6051539572.0
"2022-05-06 15:45:39",firewall,2,0.0,0.0,0.0,0.0,3082280.0,0,0.0,0.0,11.0,57344.0,122846.0,133897900.0,93333718.0,6052757866.0
"2022-05-06 15:45:40",firewall,2,0.0,0.0,0.0,0.0,3082280.0,0,0.0,0.0,11.0,57344.0,147331.0,160584430.0,93352061.0,6053968504.0
"2022-05-06 15:45:41",firewall,2,0.0,0.0,0.0,0.0,3082280.0,0,0.0,0.0,11.0,57344.0,171815.0,187271990.0,93370423.0,6055180396.0
"2022-05-06 15:45:43",firewall,2,0.0,0.0,0.0,0.0,3082280.0,0,0.0,0.0,11.0,57344.0,198745.0,216625690.0,93390645.0,6056515048.0
"2022-05-06 15:45:44",firewall,2,0.0,0.0,0.0,0.0,3082280.0,0,0.0,0.0,77.0,385024.0,223259.0,243345950.0,93409041.0,6057729184.0
"2022-05-06 15:46:54",firewall,2,0.0,0.0,0.0,0.0,3082280.0,0,0.0,0.0,0.0,0.0,49763.0,54265222.0,94097587.0,6103593652.0
"2022-05-06 15:46:55",firewall,2,0.0,0.0,0.0,0.0,3082280.0,0,0.0,0.0,0.0,0.0,97343.0,106152670.0,94133157.0,6105941272.0
"2022-05-06 15:46:56",firewall,2,0.0,0.0,0.0,0.0,3082280.0,0,0.0,0.0,0.0,0.0,145419.0,158573590.0,94169135.0,6108315820.0
"2022-05-06 15:46:57",firewall,2,0.0,0.0,0.0,0.0,3082280.0,0,0.0,0.0,0.0,0.0,192092.0,209458528.0,94204103.0,6110623708.0
"2022-05-06 15:46:58",firewall,2,0.0,0.0,0.0,0.0,3082280.0,0,0.0,0.0,2.0,16384.0,238289.0,259822050.0,94238142.0,6112870282.0
"2022-05-06 15:46:59",firewall,2,0.0,0.0,0.0,0.0,3082280.0,0,0.0,0.0,2.0,16384.0,286149.0,311991570.0,94273964.0,6115234534.0
"2022-05-06 15:47:00",firewall,2,0.0,0.0,0.0,0.0,3082280.0,0,0.0,0.0,2.0,16384.0,334614.0,364818844.0,94310346.0,6117635746.0
"2022-05-06 15:47:01",firewall,2,0.0,0.0,0.0,0.0,3082280.0,0,0.0,0.0,2.0,16384.0,383293.0,417876410.0,94346397.0,6120015112.0
"2022-05-06 15:47:02",firewall,2,0.0,0.0,0.0,0.0,3082280.0,0,0.0,0.0,2.0,16384.0,425414.0,463788300.0,94377950.0,6122097610.0
"2022-05-06 15:48:22",firewall,2,0.0,0.0,0.0,0.0,3082280.0,0,0.0,0.0,0.0,0.0,42310.0,46095180.0,95287041.0,6183328881.0
"2022-05-06 15:48:23",firewall,2,0.0,0.0,0.0,0.0,3082280.0,0,0.0,0.0,0.0,0.0,89378.0,97420500.0,95322247.0,6185652477.0
"2022-05-06 15:48:24",firewall,2,0.0,0.0,0.0,0.0,3082280.0,0,0.0,0.0,0.0,0.0,135109.0,147246090.0,95356594.0,6187919379.0
"2022-05-06 15:48:25",firewall,2,0.0,0.0,0.0,0.0,3082280.0,0,0.0,0.0,0.0,0.0,179906.0,196078212.0,95390166.0,6190135131.0
"2022-05-06 15:48:26",firewall,2,0.0,0.0,0.0,0.0,3082280.0,0,0.0,0.0,37.0,180224.0,226078.0,246424348.0,95424767.0,6192418797.0
"2022-05-06 15:48:28",firewall,2,0.0,0.0,0.0,0.0,3082280.0,0,0.0,0.0,37.0,180224.0,277263.0,302194374.0,95463200.0,6194955375.0
"2022-05-06 15:48:29",firewall,2,0.0,0.0,0.0,0.0,3082280.0,0,0.0,0.0,37.0,180224.0,319425.0,348153074.0,95494859.0,6197044869.0
"2022-05-06 15:48:30",firewall,2,0.0,0.0,0.0,0.0,3082280.0,0,0.0,0.0,37.0,180224.0,366363.0,399312950.0,95530016.0,6199365231.0
"2022-05-06 15:48:31",firewall,2,0.0,0.0,0.0,0.0,3082280.0,0,0.0,0.0,37.0,180224.0,412403.0,449498670.0,95564541.0,6201643881.0
"2022-05-06 15:49:45",firewall,2,0.0,0.0,0.0,0.0,3082280.0,0,0.0,0.0,0.0,0.0,47073.0,51309994.0,96181471.0,6242365150.0
"2022-05-06 15:49:46",firewall,2,0.0,0.0,0.0,0.0,3082280.0,0,0.0,0.0,0.0,0.0,92467.0,100791150.0,96215502.0,6244611196.0
"2022-05-06 15:49:47",firewall,2,0.0,0.0,0.0,0.0,3082280.0,0,0.0,0.0,0.0,0.0,134112.0,146189712.0,96246691.0,6246669670.0
"2022-05-06 15:49:48",firewall,2,0.0,0.0,0.0,0.0,3082280.0,0,0.0,0.0,0.0,0.0,179867.0,196056302.0,96281028.0,6248935912.0
"2022-05-06 15:49:49",firewall,2,0.0,0.0,0.0,0.0,3082280.0,0,0.0,0.0,2.0,16384.0,226090.0,246438100.0,96315672.0,6251222416.0
"2022-05-06 15:49:50",firewall,2,0.0,0.0,0.0,0.0,3082280.0,0,0.0,0.0,2.0,16384.0,272718.0,297265164.0,96350693.0,6253533802.0
"2022-05-06 15:49:51",firewall,2,0.0,0.0,0.0,0.0,3082280.0,0,0.0,0.0,2.0,16384.0,324202.0,353382052.0,96389313.0,6256082722.0
"2022-05-06 15:49:52",firewall,2,0.0,0.0,0.0,0.0,3082280.0,0,0.0,0.0,2.0,16384.0,369654.0,402924732.0,96423363.0,6258330022.0
"2022-05-06 15:49:53",firewall,2,0.0,0.0,0.0,0.0,3082280.0,0,0.0,0.0,2.0,16384.0,418704.0,456388384.0,96460138.0,6260757172.0
"2022-05-06 15:51:10",firewall,2,0.0,0.0,0.0,0.0,3082280.0,0,0.0,0.0,0.0,0.0,44958.0,49003372.0,97041073.0,6299102767.0
"2022-05-06 15:51:11",firewall,2,0.0,0.0,0.0,0.0,3082280.0,0,0.0,0.0,0.0,0.0,94384.0,102877712.0,97078122.0,6301548001.0
"2022-05-06 15:51:12",firewall,2,0.0,0.0,0.0,0.0,3082280.0,0,0.0,0.0,0.0,0.0,134950.0,147094652.0,97108567.0,6303557371.0
"2022-05-06 15:51:13",firewall,2,0.0,0.0,0.0,0.0,3082280.0,0,0.0,0.0,0.0,0.0,179453.0,195602922.0,97141898.0,6305757217.0
"2022-05-06 15:51:14",firewall,2,0.0,0.0,0.0,0.0,3082280.0,0,0.0,0.0,2.0,16384.0,225529.0,245825762.0,97176458.0,6308038177.0
"2022-05-06 15:51:15",firewall,2,0.0,0.0,0.0,0.0,3082280.0,0,0.0,0.0,41.0,196608.0,275799.0,300620062.0,97214211.0,6310529875.0
"2022-05-06 15:51:16",firewall,2,0.0,0.0,0.0,0.0,3082280.0,0,0.0,0.0,41.0,196608.0,320928.0,349812792.0,97248044.0,6312762853.0
"2022-05-06 15:51:17",firewall,2,0.0,0.0,0.0,0.0,3082280.0,0,0.0,0.0,41.0,196608.0,364481.0,397437042.0,97280593.0,6314911087.0
"2022-05-06 15:51:18",firewall,2,0.0,0.0,0.0,0.0,3082280.0,0,0.0,0.0,41.0,196608.0,416497.0,454135330.0,97319593.0,6317485087.0
"2022-05-06 15:53:18",netsniff-ng,1,0.0,0.0,0.0,0.0,2030880.0,0,0.0,0.0,0.0,0.0,0.0,0.0,195570.0,8402759.0
"2022-05-06 15:53:19",netsniff-ng,1,0.0,0.0,0.0,0.0,2030880.0,0,0.0,0.0,26.0,159744.0,0.0,0.0,195570.0,8402759.0
"2022-05-06 15:53:20",netsniff-ng,1,0.0,0.0,0.0,0.0,2030880.0,0,0.0,0.0,26.0,159744.0,0.0,0.0,195570.0,8402759.0
"2022-05-06 15:53:21",netsniff-ng,1,0.0,0.0,0.0,0.0,2030880.0,0,0.0,0.0,26.0,159744.0,0.0,0.0,195570.0,8402759.0
"2022-05-06 15:53:22",netsniff-ng,1,0.0,0.0,0.0,0.0,2030880.0,0,5.0,53248.0,26.0,159744.0,0.0,0.0,195570.0,8402759.0
"2022-05-06 15:53:23",netsniff-ng,1,0.0,0.0,0.0,0.0,2030880.0,0,5.0,53248.0,26.0,159744.0,0.0,0.0,195570.0,8402759.0
"2022-05-06 15:53:24",netsniff-ng,1,0.0,0.0,0.0,0.0,2030880.0,0,5.0,53248.0,26.0,159744.0,0.0,0.0,195570.0,8402759.0
"2022-05-06 15:53:25",netsniff-ng,1,0.0,0.0,0.0,0.0,2030880.0,0,5.0,53248.0,28.0,196608.0,0.0,0.0,195570.0,8402759.0
"2022-05-06 15:53:26",netsniff-ng,1,0.0,0.0,0.0,0.0,2030880.0,0,5.0,53248.0,28.0,196608.0,0.0,0.0,195570.0,8402759.0
"2022-05-06 15:54:36",netsniff-ng,1,0.0,0.0,0.0,0.0,2030880.0,0,0.0,0.0,0.0,0.0,0.0,0.0,195597.0,8407782.0
"2022-05-06 15:54:37",netsniff-ng,1,0.0,0.0,0.0,0.0,2030880.0,0,0.0,0.0,0.0,0.0,0.0,0.0,195597.0,8407782.0
"2022-05-06 15:54:38",netsniff-ng,1,0.0,0.0,0.0,0.0,2030880.0,0,0.0,0.0,0.0,0.0,0.0,0.0,195597.0,8407782.0
"2022-05-06 15:54:39",netsniff-ng,1,0.0,0.0,0.0,0.0,2030880.0,0,0.0,0.0,0.0,0.0,0.0,0.0,195597.0,8407782.0
"2022-05-06 15:54:40",netsniff-ng,1,0.0,0.0,0.0,0.0,2030880.0,0,0.0,0.0,2.0,20480.0,0.0,0.0,195597.0,8407782.0
"2022-05-06 15:54:41",netsniff-ng,1,0.0,0.0,0.0,0.0,2030880.0,0,0.0,0.0,2.0,20480.0,0.0,0.0,195597.0,8407782.0
"2022-05-06 15:54:42",netsniff-ng,1,0.0,0.0,0.0,0.0,2030880.0,0,0.0,0.0,2.0,20480.0,0.0,0.0,195597.0,8407782.0
"2022-05-06 15:54:43",netsniff-ng,1,0.0,0.0,0.0,0.0,2030880.0,0,0.0,0.0,2.0,20480.0,0.0,0.0,195597.0,8407782.0
"2022-05-06 15:54:44",netsniff-ng,1,0.0,0.0,0.0,0.0,2030880.0,0,0.0,0.0,2.0,20480.0,0.0,0.0,195597.0,8407782.0
"2022-05-06 15:56:04",netsniff-ng,1,0.0,0.0,0.0,0.0,2030880.0,0,0.0,0.0,0.0,0.0,0.0,0.0,195623.0,8412739.0
"2022-05-06 15:56:05",netsniff-ng,1,0.0,0.0,0.0,0.0,2030880.0,0,0.0,0.0,0.0,0.0,0.0,0.0,195623.0,8412739.0
"2022-05-06 15:56:06",netsniff-ng,1,0.0,0.0,0.0,0.0,2030880.0,0,0.0,0.0,0.0,0.0,0.0,0.0,195623.0,8412739.0
"2022-05-06 15:56:07",netsniff-ng,1,0.0,0.0,0.0,0.0,2030880.0,0,0.0,0.0,0.0,0.0,0.0,0.0,195623.0,8412739.0
"2022-05-06 15:56:08",netsniff-ng,1,0.0,0.0,0.0,0.0,2030880.0,0,0.0,0.0,2.0,20480.0,0.0,0.0,195623.0,8412739.0
"2022-05-06 15:56:09",netsniff-ng,1,0.0,0.0,0.0,0.0,2030880.0,0,0.0,0.0,2.0,20480.0,0.0,0.0,195623.0,8412739.0
"2022-05-06 15:56:10",netsniff-ng,1,0.0,0.0,0.0,0.0,2030880.0,0,0.0,0.0,2.0,20480.0,0.0,0.0,195623.0,8412739.0
"2022-05-06 15:56:11",netsniff-ng,1,0.0,0.0,0.0,0.0,2030880.0,0,0.0,0.0,2.0,20480.0,0.0,0.0,195623.0,8412739.0
"2022-05-06 15:56:12",netsniff-ng,1,0.0,0.0,0.0,0.0,2030880.0,0,0.0,0.0,2.0,20480.0,0.0,0.0,195623.0,8412739.0
"2022-05-06 15:57:31",netsniff-ng,1,0.0,0.0,0.0,0.0,2030880.0,0,0.0,0.0,0.0,0.0,0.0,0.0,195647.0,8417564.0
"2022-05-06 15:57:32",netsniff-ng,1,0.0,0.0,0.0,0.0,2030880.0,0,0.0,0.0,0.0,0.0,0.0,0.0,195647.0,8417564.0
"2022-05-06 15:57:33",netsniff-ng,1,0.0,0.0,0.0,0.0,2030880.0,0,0.0,0.0,0.0,0.0,0.0,0.0,195647.0,8417564.0
"2022-05-06 15:57:34",netsniff-ng,1,0.0,0.0,0.0,0.0,2030880.0,0,0.0,0.0,0.0,0.0,0.0,0.0,195647.0,8417564.0
"2022-05-06 15:57:35",netsniff-ng,1,0.0,0.0,0.0,0.0,2030880.0,0,0.0,0.0,2.0,20480.0,0.0,0.0,195647.0,8417564.0
"2022-05-06 15:57:36",netsniff-ng,1,0.0,0.0,0.0,0.0,2030880.0,0,0.0,0.0,2.0,20480.0,0.0,0.0,195647.0,8417564.0
"2022-05-06 15:57:37",netsniff-ng,1,0.0,0.0,0.0,0.0,2030880.0,0,0.0,0.0,2.0,20480.0,0.0,0.0,195647.0,8417564.0
"2022-05-06 15:57:38",netsniff-ng,1,0.0,0.0,0.0,0.0,2030880.0,0,0.0,0.0,2.0,20480.0,0.0,0.0,195647.0,8417564.0
"2022-05-06 15:57:39",netsniff-ng,1,0.0,0.0,0.0,0.0,2030880.0,0,0.0,0.0,2.0,20480.0,0.0,0.0,195647.0,8417564.0
"2022-05-06 15:58:58",netsniff-ng,1,0.0,0.0,0.0,0.0,2030880.0,0,0.0,0.0,0.0,0.0,0.0,0.0,195677.0,8422737.0
"2022-05-06 15:58:59",netsniff-ng,1,0.0,0.0,0.0,0.0,2030880.0,0,0.0,0.0,0.0,0.0,0.0,0.0,195677.0,8422737.0
"2022-05-06 15:59:00",netsniff-ng,1,0.0,0.0,0.0,0.0,2030880.0,0,0.0,0.0,0.0,0.0,0.0,0.0,195677.0,8422737.0
"2022-05-06 15:59:01",netsniff-ng,1,0.0,0.0,0.0,0.0,2030880.0,0,0.0,0.0,0.0,0.0,0.0,0.0,195677.0,8422737.0
"2022-05-06 15:59:02",netsniff-ng,1,0.0,0.0,0.0,0.0,2030880.0,0,0.0,0.0,0.0,0.0,0.0,0.0,195677.0,8422737.0
"2022-05-06 15:59:03",netsniff-ng,1,0.0,0.0,0.0,0.0,2030880.0,0,0.0,0.0,2.0,16384.0,0.0,0.0,195677.0,8422737.0
"2022-05-06 15:59:04",netsniff-ng,1,0.0,0.0,0.0,0.0,2030880.0,0,0.0,0.0,2.0,16384.0,0.0,0.0,195677.0,8422737.0
"2022-05-06 15:59:05",netsniff-ng,1,0.0,0.0,0.0,0.0,2030880.0,0,0.0,0.0,2.0,16384.0,0.0,0.0,195677.0,8422737.0
"2022-05-06 15:59:06",netsniff-ng,1,0.0,0.0,0.0,0.0,2030880.0,0,0.0,0.0,2.0,16384.0,0.0,0.0,195677.0,8422737.0
"2022-05-06 16:01:49",snort-ids,1,0.0,0.0,0.0,0.0,2030880.0,0,0.0,0.0,0.0,0.0,0.0,0.0,2201.0,234302.0
"2022-05-06 16:01:50",snort-ids,1,0.0,0.0,0.0,0.0,2030880.0,0,0.0,0.0,21.0,110592.0,0.0,0.0,2201.0,234302.0
"2022-05-06 16:01:51",snort-ids,1,0.0,0.0,0.0,0.0,2030880.0,0,0.0,0.0,21.0,110592.0,0.0,0.0,2201.0,234302.0
"2022-05-06 16:01:52",snort-ids,1,0.0,0.0,0.0,0.0,2030880.0,0,0.0,0.0,21.0,110592.0,0.0,0.0,2201.0,234302.0
"2022-05-06 16:01:53",snort-ids,1,0.0,0.0,0.0,0.0,2030880.0,0,0.0,0.0,23.0,147456.0,0.0,0.0,2201.0,234302.0
"2022-05-06 16:01:54",snort-ids,1,0.0,0.0,0.0,0.0,2030880.0,0,0.0,0.0,23.0,147456.0,0.0,0.0,2201.0,234302.0
"2022-05-06 16:01:55",snort-ids,1,0.0,0.0,0.0,0.0,2030880.0,0,0.0,0.0,23.0,147456.0,0.0,0.0,2201.0,234302.0
"2022-05-06 16:01:56",snort-ids,1,0.0,0.0,0.0,0.0,2030880.0,0,0.0,0.0,23.0,147456.0,0.0,0.0,2201.0,234302.0
"2022-05-06 16:01:57",snort-ids,1,0.0,0.0,0.0,0.0,2030880.0,0,0.0,0.0,23.0,147456.0,0.0,0.0,2201.0,234302.0
"2022-05-06 16:03:07",snort-ids,1,0.0,0.0,0.0,0.0,2030880.0,0,0.0,0.0,0.0,0.0,0.0,0.0,2226.0,239169.0
"2022-05-06 16:03:08",snort-ids,1,0.0,0.0,0.0,0.0,2030880.0,0,0.0,0.0,0.0,0.0,0.0,0.0,2226.0,239169.0
"2022-05-06 16:03:09",snort-ids,1,0.0,0.0,0.0,0.0,2030880.0,0,0.0,0.0,0.0,0.0,0.0,0.0,2226.0,239169.0
"2022-05-06 16:03:10",snort-ids,1,0.0,0.0,0.0,0.0,2030880.0,0,0.0,0.0,0.0,0.0,0.0,0.0,2226.0,239169.0
"2022-05-06 16:03:11",snort-ids,1,0.0,0.0,0.0,0.0,2030880.0,0,0.0,0.0,2.0,20480.0,0.0,0.0,2226.0,239169.0
"2022-05-06 16:03:12",snort-ids,1,0.0,0.0,0.0,0.0,2030880.0,0,0.0,0.0,2.0,20480.0,0.0,0.0,2226.0,239169.0
"2022-05-06 16:03:13",snort-ids,1,0.0,0.0,0.0,0.0,2030880.0,0,0.0,0.0,2.0,20480.0,0.0,0.0,2226.0,239169.0
"2022-05-06 16:03:14",snort-ids,1,0.0,0.0,0.0,0.0,2030880.0,0,0.0,0.0,2.0,20480.0,0.0,0.0,2226.0,239169.0
"2022-05-06 16:03:15",snort-ids,1,0.0,0.0,0.0,0.0,2030880.0,0,0.0,0.0,2.0,20480.0,0.0,0.0,2226.0,239169.0
"2022-05-06 16:04:34",snort-ids,1,0.0,0.0,0.0,0.0,2030880.0,0,0.0,0.0,0.0,0.0,0.0,0.0,2251.0,244060.0
"2022-05-06 16:04:35",snort-ids,1,0.0,0.0,0.0,0.0,2030880.0,0,0.0,0.0,0.0,0.0,0.0,0.0,2251.0,244060.0
"2022-05-06 16:04:36",snort-ids,1,0.0,0.0,0.0,0.0,2030880.0,0,0.0,0.0,0.0,0.0,0.0,0.0,2251.0,244060.0
"2022-05-06 16:04:37",snort-ids,1,0.0,0.0,0.0,0.0,2030880.0,0,0.0,0.0,0.0,0.0,0.0,0.0,2251.0,244060.0
"2022-05-06 16:04:38",snort-ids,1,0.0,0.0,0.0,0.0,2030880.0,0,0.0,0.0,2.0,20480.0,0.0,0.0,2251.0,244060.0
"2022-05-06 16:04:39",snort-ids,1,0.0,0.0,0.0,0.0,2030880.0,0,0.0,0.0,2.0,20480.0,0.0,0.0,2251.0,244060.0
"2022-05-06 16:04:40",snort-ids,1,0.0,0.0,0.0,0.0,2030880.0,0,0.0,0.0,2.0,20480.0,0.0,0.0,2251.0,244060.0
"2022-05-06 16:04:41",snort-ids,1,0.0,0.0,0.0,0.0,2030880.0,0,0.0,0.0,2.0,20480.0,0.0,0.0,2251.0,244060.0
"2022-05-06 16:04:42",snort-ids,1,0.0,0.0,0.0,0.0,2030880.0,0,0.0,0.0,2.0,20480.0,0.0,0.0,2251.0,244060.0
"2022-05-06 16:06:02",snort-ids,1,0.0,0.0,0.0,0.0,2030880.0,0,0.0,0.0,0.0,0.0,0.0,0.0,2276.0,248951.0
"2022-05-06 16:06:03",snort-ids,1,0.0,0.0,0.0,0.0,2030880.0,0,0.0,0.0,0.0,0.0,0.0,0.0,2276.0,248951.0
"2022-05-06 16:06:04",snort-ids,1,0.0,0.0,0.0,0.0,2030880.0,0,0.0,0.0,0.0,0.0,0.0,0.0,2276.0,248951.0
"2022-05-06 16:06:05",snort-ids,1,0.0,0.0,0.0,0.0,2030880.0,0,0.0,0.0,0.0,0.0,0.0,0.0,2276.0,248951.0
"2022-05-06 16:06:06",snort-ids,1,0.0,0.0,0.0,0.0,2030880.0,0,0.0,0.0,2.0,20480.0,0.0,0.0,2276.0,248951.0
"2022-05-06 16:06:07",snort-ids,1,0.0,0.0,0.0,0.0,2030880.0,0,0.0,0.0,2.0,20480.0,0.0,0.0,2276.0,248951.0
"2022-05-06 16:06:08",snort-ids,1,0.0,0.0,0.0,0.0,2030880.0,0,0.0,0.0,5.0,45056.0,0.0,0.0,2276.0,248951.0
"2022-05-06 16:06:09",snort-ids,1,0.0,0.0,0.0,0.0,2030880.0,0,0.0,0.0,5.0,45056.0,0.0,0.0,2276.0,248951.0
"2022-05-06 16:06:10",snort-ids,1,0.0,0.0,0.0,0.0,2030880.0,0,0.0,0.0,5.0,45056.0,0.0,0.0,2276.0,248951.0
"2022-05-06 16:07:29",snort-ids,1,0.0,0.0,0.0,0.0,2030880.0,0,0.0,0.0,0.0,0.0,0.0,0.0,2299.0,253702.0
"2022-05-06 16:07:30",snort-ids,1,0.0,0.0,0.0,0.0,2030880.0,0,0.0,0.0,0.0,0.0,0.0,0.0,2299.0,253702.0
"2022-05-06 16:07:31",snort-ids,1,0.0,0.0,0.0,0.0,2030880.0,0,0.0,0.0,0.0,0.0,0.0,0.0,2299.0,253702.0
"2022-05-06 16:07:32",snort-ids,1,0.0,0.0,0.0,0.0,2030880.0,0,0.0,0.0,0.0,0.0,0.0,0.0,2299.0,253702.0
"2022-05-06 16:07:33",snort-ids,1,0.0,0.0,0.0,0.0,2030880.0,0,0.0,0.0,2.0,20480.0,0.0,0.0,2299.0,253702.0
"2022-05-06 16:07:34",snort-ids,1,0.0,0.0,0.0,0.0,2030880.0,0,0.0,0.0,2.0,20480.0,0.0,0.0,2299.0,253702.0
"2022-05-06 16:07:35",snort-ids,1,0.0,0.0,0.0,0.0,2030880.0,0,0.0,0.0,2.0,20480.0,0.0,0.0,2299.0,253702.0
"2022-05-06 16:07:36",snort-ids,1,0.0,0.0,0.0,0.0,2030880.0,0,0.0,0.0,2.0,20480.0,0.0,0.0,2299.0,253702.0
"2022-05-06 16:07:37",snort-ids,1,0.0,0.0,0.0,0.0,2030880.0,0,0.0,0.0,2.0,20480.0,0.0,0.0,2299.0,253702.0
"2022-05-06 16:10:08",suricata-ids,1,0.0,0.0,0.0,0.0,2030880.0,0,0.0,0.0,0.0,0.0,0.0,0.0,1116172.0,46968393.0
"2022-05-06 16:10:09",suricata-ids,1,0.0,0.0,0.0,0.0,2030880.0,0,0.0,0.0,20.0,126976.0,0.0,0.0,1116172.0,46968393.0
"2022-05-06 16:10:10",suricata-ids,1,0.0,0.0,0.0,0.0,2030880.0,0,0.0,0.0,20.0,126976.0,0.0,0.0,1116172.0,46968393.0
"2022-05-06 16:10:11",suricata-ids,1,0.0,0.0,0.0,0.0,2030880.0,0,0.0,0.0,20.0,126976.0,0.0,0.0,1116172.0,46968393.0
"2022-05-06 16:10:12",suricata-ids,1,0.0,0.0,0.0,0.0,2030880.0,0,0.0,0.0,22.0,176128.0,0.0,0.0,1116172.0,46968393.0
"2022-05-06 16:10:13",suricata-ids,1,0.0,0.0,0.0,0.0,2030880.0,0,0.0,0.0,22.0,176128.0,0.0,0.0,1116172.0,46968393.0
"2022-05-06 16:10:14",suricata-ids,1,0.0,0.0,0.0,0.0,2030880.0,0,0.0,0.0,22.0,176128.0,0.0,0.0,1116172.0,46968393.0
"2022-05-06 16:10:15",suricata-ids,1,0.0,0.0,0.0,0.0,2030880.0,0,0.0,0.0,23.0,327680.0,0.0,0.0,1116172.0,46968393.0
"2022-05-06 16:10:16",suricata-ids,1,0.0,0.0,0.0,0.0,2030880.0,0,0.0,0.0,23.0,327680.0,0.0,0.0,1116172.0,46968393.0
"2022-05-06 16:11:26",suricata-ids,1,0.0,0.0,0.0,0.0,2030880.0,0,0.0,0.0,0.0,0.0,0.0,0.0,1116198.0,46973350.0
"2022-05-06 16:11:27",suricata-ids,1,0.0,0.0,0.0,0.0,2030880.0,0,0.0,0.0,0.0,0.0,0.0,0.0,1116198.0,46973350.0
"2022-05-06 16:11:28",suricata-ids,1,0.0,0.0,0.0,0.0,2030880.0,0,0.0,0.0,0.0,0.0,0.0,0.0,1116198.0,46973350.0
"2022-05-06 16:11:29",suricata-ids,1,0.0,0.0,0.0,0.0,2030880.0,0,0.0,0.0,0.0,0.0,0.0,0.0,1116198.0,46973350.0
"2022-05-06 16:11:30",suricata-ids,1,0.0,0.0,0.0,0.0,2030880.0,0,0.0,0.0,2.0,24576.0,0.0,0.0,1116198.0,46973350.0
"2022-05-06 16:11:31",suricata-ids,1,0.0,0.0,0.0,0.0,2030880.0,0,0.0,0.0,2.0,24576.0,0.0,0.0,1116198.0,46973350.0
"2022-05-06 16:11:32",suricata-ids,1,0.0,0.0,0.0,0.0,2030880.0,0,0.0,0.0,2.0,24576.0,0.0,0.0,1116198.0,46973350.0
"2022-05-06 16:11:33",suricata-ids,1,0.0,0.0,0.0,0.0,2030880.0,0,0.0,0.0,2.0,24576.0,0.0,0.0,1116198.0,46973350.0
"2022-05-06 16:11:34",suricata-ids,1,0.0,0.0,0.0,0.0,2030880.0,0,1.0,8192.0,2.0,24576.0,0.0,0.0,1116198.0,46973350.0
"2022-05-06 16:12:54",suricata-ids,1,0.0,0.0,0.0,0.0,2030880.0,0,0.0,0.0,0.0,0.0,0.0,0.0,1116221.0,46978109.0
"2022-05-06 16:12:55",suricata-ids,1,0.0,0.0,0.0,0.0,2030880.0,0,0.0,0.0,0.0,0.0,0.0,0.0,1116221.0,46978109.0
"2022-05-06 16:12:56",suricata-ids,1,0.0,0.0,0.0,0.0,2030880.0,0,0.0,0.0,0.0,0.0,0.0,0.0,1116221.0,46978109.0
"2022-05-06 16:12:57",suricata-ids,1,0.0,0.0,0.0,0.0,2030880.0,0,0.0,0.0,0.0,0.0,0.0,0.0,1116221.0,46978109.0
"2022-05-06 16:12:58",suricata-ids,1,0.0,0.0,0.0,0.0,2030880.0,0,0.0,0.0,2.0,24576.0,0.0,0.0,1116221.0,46978109.0
"2022-05-06 16:12:59",suricata-ids,1,0.0,0.0,0.0,0.0,2030880.0,0,0.0,0.0,2.0,24576.0,0.0,0.0,1116221.0,46978109.0
"2022-05-06 16:13:00",suricata-ids,1,0.0,0.0,0.0,0.0,2030880.0,0,0.0,0.0,2.0,24576.0,0.0,0.0,1116221.0,46978109.0
"2022-05-06 16:13:01",suricata-ids,1,0.0,0.0,0.0,0.0,2030880.0,0,0.0,0.0,2.0,24576.0,0.0,0.0,1116221.0,46978109.0
"2022-05-06 16:13:02",suricata-ids,1,0.0,0.0,0.0,0.0,2030880.0,0,0.0,0.0,2.0,24576.0,0.0,0.0,1116221.0,46978109.0
"2022-05-06 16:14:21",suricata-ids,1,0.0,0.0,0.0,0.0,2030880.0,0,0.0,0.0,0.0,0.0,0.0,0.0,1116247.0,46983066.0
"2022-05-06 16:14:22",suricata-ids,1,0.0,0.0,0.0,0.0,2030880.0,0,0.0,0.0,0.0,0.0,0.0,0.0,1116247.0,46983066.0
"2022-05-06 16:14:23",suricata-ids,1,0.0,0.0,0.0,0.0,2030880.0,0,0.0,0.0,0.0,0.0,0.0,0.0,1116247.0,46983066.0
"2022-05-06 16:14:24",suricata-ids,1,0.0,0.0,0.0,0.0,2030880.0,0,0.0,0.0,0.0,0.0,0.0,0.0,1116247.0,46983066.0
"2022-05-06 16:14:25",suricata-ids,1,0.0,0.0,0.0,0.0,2030880.0,0,0.0,0.0,2.0,24576.0,0.0,0.0,1116247.0,46983066.0
"2022-05-06 16:14:26",suricata-ids,1,0.0,0.0,0.0,0.0,2030880.0,0,0.0,0.0,2.0,24576.0,0.0,0.0,1116247.0,46983066.0
"2022-05-06 16:14:27",suricata-ids,1,0.0,0.0,0.0,0.0,2030880.0,0,0.0,0.0,2.0,24576.0,0.0,0.0,1116247.0,46983066.0
"2022-05-06 16:14:28",suricata-ids,1,0.0,0.0,0.0,0.0,2030880.0,0,0.0,0.0,2.0,24576.0,0.0,0.0,1116247.0,46983066.0
"2022-05-06 16:14:29",suricata-ids,1,0.0,0.0,0.0,0.0,2030880.0,0,0.0,0.0,2.0,24576.0,0.0,0.0,1116247.0,46983066.0
"2022-05-06 16:15:49",suricata-ids,1,0.0,0.0,0.0,0.0,2030880.0,0,0.0,0.0,0.0,0.0,0.0,0.0,1116273.0,46988023.0
"2022-05-06 16:15:50",suricata-ids,1,0.0,0.0,0.0,0.0,2030880.0,0,0.0,0.0,0.0,0.0,0.0,0.0,1116273.0,46988023.0
"2022-05-06 16:15:51",suricata-ids,1,0.0,0.0,0.0,0.0,2030880.0,0,0.0,0.0,0.0,0.0,0.0,0.0,1116273.0,46988023.0
"2022-05-06 16:15:52",suricata-ids,1,0.0,0.0,0.0,0.0,2030880.0,0,0.0,0.0,0.0,0.0,0.0,0.0,1116273.0,46988023.0
"2022-05-06 16:15:53",suricata-ids,1,0.0,0.0,0.0,0.0,2030880.0,0,0.0,0.0,2.0,20480.0,0.0,0.0,1116273.0,46988023.0
"2022-05-06 16:15:54",suricata-ids,1,0.0,0.0,0.0,0.0,2030880.0,0,0.0,0.0,2.0,20480.0,0.0,0.0,1116273.0,46988023.0
"2022-05-06 16:15:55",suricata-ids,1,0.0,0.0,0.0,0.0,2030880.0,0,0.0,0.0,2.0,20480.0,0.0,0.0,1116273.0,46988023.0
"2022-05-06 16:15:56",suricata-ids,1,0.0,0.0,0.0,0.0,2030880.0,0,0.0,0.0,2.0,20480.0,0.0,0.0,1116273.0,46988023.0
"2022-05-06 16:15:57",suricata-ids,1,0.0,0.0,0.0,0.0,2030880.0,0,0.0,0.0,2.0,20480.0,0.0,0.0,1116273.0,46988023.0
"2022-05-06 16:26:43",tcpdump,1,0.0,0.0,0.0,0.0,2030880.0,0,0.0,0.0,0.0,0.0,0.0,0.0,6295.0,619671.0
"2022-05-06 16:26:44",tcpdump,1,0.0,0.0,0.0,0.0,2030880.0,0,0.0,0.0,0.0,0.0,0.0,0.0,6295.0,619671.0
"2022-05-06 16:26:45",tcpdump,1,0.0,0.0,0.0,0.0,2030880.0,0,0.0,0.0,0.0,0.0,0.0,0.0,6295.0,619671.0
"2022-05-06 16:26:46",tcpdump,1,0.0,0.0,0.0,0.0,2030880.0,0,0.0,0.0,2.0,40960.0,0.0,0.0,6295.0,619671.0
"2022-05-06 16:26:47",tcpdump,1,0.0,0.0,0.0,0.0,2030880.0,0,0.0,0.0,2.0,40960.0,0.0,0.0,6295.0,619671.0
"2022-05-06 16:26:48",tcpdump,1,0.0,0.0,0.0,0.0,2030880.0,0,0.0,0.0,2.0,40960.0,0.0,0.0,6295.0,619671.0
"2022-05-06 16:26:49",tcpdump,1,0.0,0.0,0.0,0.0,2030880.0,0,0.0,0.0,2.0,40960.0,0.0,0.0,6295.0,619671.0
"2022-05-06 16:26:50",tcpdump,1,0.0,0.0,0.0,0.0,2030880.0,0,0.0,0.0,2.0,40960.0,0.0,0.0,6295.0,619671.0
"2022-05-06 16:26:51",tcpdump,1,0.0,0.0,0.0,0.0,2030880.0,0,0.0,0.0,2.0,40960.0,0.0,0.0,6295.0,619671.0
"2022-05-06 16:28:01",tcpdump,1,0.0,0.0,0.0,0.0,2030880.0,0,0.0,0.0,0.0,0.0,0.0,0.0,6322.0,624710.0
"2022-05-06 16:28:02",tcpdump,1,0.0,0.0,0.0,0.0,2030880.0,0,0.0,0.0,0.0,0.0,0.0,0.0,6322.0,624710.0
"2022-05-06 16:28:03",tcpdump,1,0.0,0.0,0.0,0.0,2030880.0,0,0.0,0.0,0.0,0.0,0.0,0.0,6322.0,624710.0
"2022-05-06 16:28:04",tcpdump,1,0.0,0.0,0.0,0.0,2030880.0,0,0.0,0.0,0.0,0.0,0.0,0.0,6322.0,624710.0
"2022-05-06 16:28:05",tcpdump,1,0.0,0.0,0.0,0.0,2030880.0,0,0.0,0.0,2.0,20480.0,0.0,0.0,6322.0,624710.0
"2022-05-06 16:28:06",tcpdump,1,0.0,0.0,0.0,0.0,2030880.0,0,0.0,0.0,2.0,20480.0,0.0,0.0,6322.0,624710.0
"2022-05-06 16:28:07",tcpdump,1,0.0,0.0,0.0,0.0,2030880.0,0,0.0,0.0,2.0,20480.0,0.0,0.0,6322.0,624710.0
"2022-05-06 16:28:08",tcpdump,1,0.0,0.0,0.0,0.0,2030880.0,0,0.0,0.0,2.0,20480.0,0.0,0.0,6322.0,624710.0
"2022-05-06 16:28:09",tcpdump,1,0.0,0.0,0.0,0.0,2030880.0,0,0.0,0.0,2.0,20480.0,0.0,0.0,6322.0,624710.0
"2022-05-06 16:29:24",tcpdump,1,0.0,0.0,0.0,0.0,2030880.0,0,0.0,0.0,0.0,0.0,0.0,0.0,6347.0,629601.0
"2022-05-06 16:29:25",tcpdump,1,0.0,0.0,0.0,0.0,2030880.0,0,0.0,0.0,0.0,0.0,0.0,0.0,6347.0,629601.0
"2022-05-06 16:29:26",tcpdump,1,0.0,0.0,0.0,0.0,2030880.0,0,0.0,0.0,0.0,0.0,0.0,0.0,6347.0,629601.0
"2022-05-06 16:29:27",tcpdump,1,0.0,0.0,0.0,0.0,2030880.0,0,0.0,0.0,0.0,0.0,0.0,0.0,6347.0,629601.0
"2022-05-06 16:29:28",tcpdump,1,0.0,0.0,0.0,0.0,2030880.0,0,0.0,0.0,2.0,20480.0,0.0,0.0,6347.0,629601.0
"2022-05-06 16:29:29",tcpdump,1,0.0,0.0,0.0,0.0,2030880.0,0,0.0,0.0,2.0,20480.0,0.0,0.0,6347.0,629601.0
"2022-05-06 16:29:30",tcpdump,1,0.0,0.0,0.0,0.0,2030880.0,0,0.0,0.0,2.0,20480.0,0.0,0.0,6347.0,629601.0
"2022-05-06 16:29:31",tcpdump,1,0.0,0.0,0.0,0.0,2030880.0,0,0.0,0.0,2.0,20480.0,0.0,0.0,6347.0,629601.0
"2022-05-06 16:29:32",tcpdump,1,0.0,0.0,0.0,0.0,2030880.0,0,0.0,0.0,2.0,20480.0,0.0,0.0,6347.0,629601.0
"2022-05-06 16:30:51",tcpdump,1,0.0,0.0,0.0,0.0,2030880.0,0,0.0,0.0,0.0,0.0,0.0,0.0,6370.0,634360.0
"2022-05-06 16:30:52",tcpdump,1,0.0,0.0,0.0,0.0,2030880.0,0,0.0,0.0,0.0,0.0,0.0,0.0,6370.0,634360.0
"2022-05-06 16:30:53",tcpdump,1,0.0,0.0,0.0,0.0,2030880.0,0,0.0,0.0,0.0,0.0,0.0,0.0,6370.0,634360.0
"2022-05-06 16:30:54",tcpdump,1,0.0,0.0,0.0,0.0,2030880.0,0,0.0,0.0,0.0,0.0,0.0,0.0,6370.0,634360.0
"2022-05-06 16:30:55",tcpdump,1,0.0,0.0,0.0,0.0,2030880.0,0,0.0,0.0,2.0,20480.0,0.0,0.0,6370.0,634360.0
"2022-05-06 16:30:56",tcpdump,1,0.0,0.0,0.0,0.0,2030880.0,0,0.0,0.0,2.0,20480.0,0.0,0.0,6370.0,634360.0
"2022-05-06 16:30:57",tcpdump,1,0.0,0.0,0.0,0.0,2030880.0,0,0.0,0.0,2.0,20480.0,0.0,0.0,6370.0,634360.0
"2022-05-06 16:30:58",tcpdump,1,0.0,0.0,0.0,0.0,2030880.0,0,0.0,0.0,2.0,20480.0,0.0,0.0,6370.0,634360.0
"2022-05-06 16:30:59",tcpdump,1,0.0,0.0,0.0,0.0,2030880.0,0,0.0,0.0,2.0,20480.0,0.0,0.0,6370.0,634360.0
"2022-05-06 16:32:18",tcpdump,1,0.0,0.0,0.0,0.0,2030880.0,0,0.0,0.0,0.0,0.0,0.0,0.0,6395.0,639251.0
"2022-05-06 16:32:19",tcpdump,1,0.0,0.0,0.0,0.0,2030880.0,0,0.0,0.0,0.0,0.0,0.0,0.0,6395.0,639251.0
"2022-05-06 16:32:20",tcpdump,1,0.0,0.0,0.0,0.0,2030880.0,0,0.0,0.0,0.0,0.0,0.0,0.0,6395.0,639251.0
"2022-05-06 16:32:21",tcpdump,1,0.0,0.0,0.0,0.0,2030880.0,0,0.0,0.0,0.0,0.0,0.0,0.0,6395.0,639251.0
"2022-05-06 16:32:22",tcpdump,1,0.0,0.0,0.0,0.0,2030880.0,0,0.0,0.0,2.0,16384.0,0.0,0.0,6395.0,639251.0
"2022-05-06 16:32:23",tcpdump,1,0.0,0.0,0.0,0.0,2030880.0,0,0.0,0.0,2.0,16384.0,0.0,0.0,6395.0,639251.0
"2022-05-06 16:32:24",tcpdump,1,0.0,0.0,0.0,0.0,2030880.0,0,0.0,0.0,2.0,16384.0,0.0,0.0,6395.0,639251.0
"2022-05-06 16:32:25",tcpdump,1,0.0,0.0,0.0,0.0,2030880.0,0,0.0,0.0,2.0,16384.0,0.0,0.0,6395.0,639251.0
"2022-05-06 16:32:26",tcpdump,1,0.0,0.0,0.0,0.0,2030880.0,0,0.0,0.0,2.0,16384.0,0.0,0.0,6395.0,639251.0
"2022-05-06 16:36:07",suricata-ids,1,0.0,0.0,0.0,0.0,2030880.0,0,0.0,0.0,0.0,0.0,0.0,0.0,1116363.0,47006063.0
"2022-05-06 16:36:07",snort-ids,1,0.0,0.0,0.0,0.0,2030880.0,0,0.0,0.0,0.0,0.0,0.0,0.0,2359.0,264112.0
"2022-05-06 16:36:07",netsniff-ng,1,0.0,0.0,0.0,0.0,2030880.0,0,0.0,0.0,26.0,184320.0,0.0,0.0,195759.0,8434255.0
"2022-05-06 16:36:08",suricata-ids,1,0.0,0.0,0.0,0.0,2030880.0,0,0.0,0.0,35.0,196608.0,0.0,0.0,1116363.0,47006063.0
"2022-05-06 16:36:08",snort-ids,1,0.0,0.0,0.0,0.0,2030880.0,0,0.0,0.0,0.0,0.0,0.0,0.0,2359.0,264112.0
"2022-05-06 16:36:08",netsniff-ng,1,0.0,0.0,0.0,0.0,2030880.0,0,0.0,0.0,26.0,184320.0,0.0,0.0,195759.0,8434255.0
"2022-05-06 16:36:09",suricata-ids,1,0.0,0.0,0.0,0.0,2030880.0,0,0.0,0.0,35.0,196608.0,0.0,0.0,1116363.0,47006063.0
"2022-05-06 16:36:09",snort-ids,1,0.0,0.0,0.0,0.0,2030880.0,0,0.0,0.0,0.0,0.0,0.0,0.0,2359.0,264112.0
"2022-05-06 16:36:10",netsniff-ng,1,0.0,0.0,0.0,0.0,2030880.0,0,0.0,0.0,26.0,184320.0,0.0,0.0,195759.0,8434255.0
"2022-05-06 16:36:10",snort-ids,1,0.0,0.0,0.0,0.0,2030880.0,0,0.0,0.0,0.0,0.0,0.0,0.0,2359.0,264112.0
"2022-05-06 16:36:11",netsniff-ng,1,0.0,0.0,0.0,0.0,2030880.0,0,0.0,0.0,26.0,184320.0,0.0,0.0,195759.0,8434255.0
"2022-05-06 16:36:11",suricata-ids,1,0.0,0.0,0.0,0.0,2030880.0,0,0.0,0.0,35.0,196608.0,0.0,0.0,1116363.0,47006063.0
"2022-05-06 16:36:12",snort-ids,1,0.0,0.0,0.0,0.0,2030880.0,0,0.0,0.0,2.0,36864.0,0.0,0.0,2359.0,264112.0
"2022-05-06 16:36:12",netsniff-ng,1,0.0,0.0,0.0,0.0,2030880.0,0,0.0,0.0,26.0,184320.0,0.0,0.0,195759.0,8434255.0
"2022-05-06 16:36:12",suricata-ids,1,0.0,0.0,0.0,0.0,2030880.0,0,0.0,0.0,37.0,245760.0,0.0,0.0,1116363.0,47006063.0
"2022-05-06 16:36:13",snort-ids,1,0.0,0.0,0.0,0.0,2030880.0,0,0.0,0.0,2.0,36864.0,0.0,0.0,2359.0,264112.0
"2022-05-06 16:36:13",netsniff-ng,1,0.0,0.0,0.0,0.0,2030880.0,0,0.0,0.0,28.0,217088.0,0.0,0.0,195759.0,8434255.0
"2022-05-06 16:36:13",suricata-ids,1,0.0,0.0,0.0,0.0,2030880.0,0,0.0,0.0,37.0,245760.0,0.0,0.0,1116363.0,47006063.0
"2022-05-06 16:36:14",snort-ids,1,0.0,0.0,0.0,0.0,2030880.0,0,0.0,0.0,2.0,36864.0,0.0,0.0,2359.0,264112.0
"2022-05-06 16:36:14",netsniff-ng,1,0.0,0.0,0.0,0.0,2030880.0,0,0.0,0.0,28.0,217088.0,0.0,0.0,195759.0,8434255.0
"2022-05-06 16:36:14",suricata-ids,1,0.0,0.0,0.0,0.0,2030880.0,0,0.0,0.0,38.0,380928.0,0.0,0.0,1116363.0,47006063.0
"2022-05-06 16:36:15",snort-ids,1,0.0,0.0,0.0,0.0,2030880.0,0,0.0,0.0,2.0,36864.0,0.0,0.0,2359.0,264112.0
"2022-05-06 16:36:15",netsniff-ng,1,0.0,0.0,0.0,0.0,2030880.0,0,0.0,0.0,28.0,217088.0,0.0,0.0,195759.0,8434255.0
"2022-05-06 16:36:15",suricata-ids,1,0.0,0.0,0.0,0.0,2030880.0,0,0.0,0.0,38.0,380928.0,0.0,0.0,1116363.0,47006063.0
"2022-05-06 16:36:16",snort-ids,1,0.0,0.0,0.0,0.0,2030880.0,0,0.0,0.0,2.0,36864.0,0.0,0.0,2359.0,264112.0
"2022-05-06 16:36:16",netsniff-ng,1,0.0,0.0,0.0,0.0,2030880.0,0,0.0,0.0,28.0,217088.0,0.0,0.0,195759.0,8434255.0
"2022-05-06 16:36:16",suricata-ids,1,0.0,0.0,0.0,0.0,2030880.0,0,0.0,0.0,38.0,380928.0,0.0,0.0,1116363.0,47006063.0
"2022-05-06 16:37:26",snort-ids,1,0.0,0.0,0.0,0.0,2030880.0,0,0.0,0.0,0.0,0.0,0.0,0.0,2382.0,268871.0
"2022-05-06 16:37:26",netsniff-ng,1,0.0,0.0,0.0,0.0,2030880.0,0,0.0,0.0,5.0,20480.0,0.0,0.0,195786.0,8439302.0
"2022-05-06 16:37:26",suricata-ids,1,0.0,0.0,0.0,0.0,2030880.0,0,0.0,0.0,3.0,163840.0,0.0,0.0,1116389.0,47011020.0
"2022-05-06 16:37:27",snort-ids,1,0.0,0.0,0.0,0.0,2030880.0,0,0.0,0.0,0.0,0.0,0.0,0.0,2382.0,268871.0
"2022-05-06 16:37:27",suricata-ids,1,0.0,0.0,0.0,0.0,2030880.0,0,0.0,0.0,3.0,163840.0,0.0,0.0,1116389.0,47011020.0
"2022-05-06 16:37:27",netsniff-ng,1,0.0,0.0,0.0,0.0,2030880.0,0,0.0,0.0,5.0,20480.0,0.0,0.0,195786.0,8439302.0
"2022-05-06 16:37:28",snort-ids,1,0.0,0.0,0.0,0.0,2030880.0,0,0.0,0.0,0.0,0.0,0.0,0.0,2382.0,268871.0
"2022-05-06 16:37:28",netsniff-ng,1,0.0,0.0,0.0,0.0,2030880.0,0,0.0,0.0,5.0,20480.0,0.0,0.0,195786.0,8439302.0
"2022-05-06 16:37:28",suricata-ids,1,0.0,0.0,0.0,0.0,2030880.0,0,0.0,0.0,3.0,163840.0,0.0,0.0,1116389.0,47011020.0
"2022-05-06 16:37:29",netsniff-ng,1,0.0,0.0,0.0,0.0,2030880.0,0,0.0,0.0,5.0,20480.0,0.0,0.0,195786.0,8439302.0
"2022-05-06 16:37:29",suricata-ids,1,0.0,0.0,0.0,0.0,2030880.0,0,0.0,0.0,3.0,163840.0,0.0,0.0,1116389.0,47011020.0
"2022-05-06 16:37:29",snort-ids,1,0.0,0.0,0.0,0.0,2030880.0,0,0.0,0.0,0.0,0.0,0.0,0.0,2382.0,268871.0
"2022-05-06 16:37:30",netsniff-ng,1,0.0,0.0,0.0,0.0,2030880.0,0,0.0,0.0,7.0,40960.0,0.0,0.0,195786.0,8439302.0
"2022-05-06 16:37:30",suricata-ids,1,0.0,0.0,0.0,0.0,2030880.0,0,0.0,0.0,5.0,196608.0,0.0,0.0,1116389.0,47011020.0
"2022-05-06 16:37:30",snort-ids,1,0.0,0.0,0.0,0.0,2030880.0,0,0.0,0.0,2.0,20480.0,0.0,0.0,2382.0,268871.0
"2022-05-06 16:37:31",netsniff-ng,1,0.0,0.0,0.0,0.0,2030880.0,0,0.0,0.0,7.0,40960.0,0.0,0.0,195786.0,8439302.0
"2022-05-06 16:37:31",suricata-ids,1,0.0,0.0,0.0,0.0,2030880.0,0,0.0,0.0,5.0,196608.0,0.0,0.0,1116389.0,47011020.0
"2022-05-06 16:37:31",snort-ids,1,0.0,0.0,0.0,0.0,2030880.0,0,0.0,0.0,2.0,20480.0,0.0,0.0,2382.0,268871.0
"2022-05-06 16:37:32",snort-ids,1,0.0,0.0,0.0,0.0,2030880.0,0,0.0,0.0,2.0,20480.0,0.0,0.0,2382.0,268871.0
"2022-05-06 16:37:32",netsniff-ng,1,0.0,0.0,0.0,0.0,2030880.0,0,0.0,0.0,7.0,40960.0,0.0,0.0,195786.0,8439302.0
"2022-05-06 16:37:32",suricata-ids,1,0.0,0.0,0.0,0.0,2030880.0,0,0.0,0.0,5.0,196608.0,0.0,0.0,1116389.0,47011020.0
"2022-05-06 16:37:33",snort-ids,1,0.0,0.0,0.0,0.0,2030880.0,0,0.0,0.0,2.0,20480.0,0.0,0.0,2382.0,268871.0
"2022-05-06 16:37:33",netsniff-ng,1,0.0,0.0,0.0,0.0,2030880.0,0,0.0,0.0,7.0,40960.0,0.0,0.0,195786.0,8439302.0
"2022-05-06 16:37:33",suricata-ids,1,0.0,0.0,0.0,0.0,2030880.0,0,0.0,0.0,5.0,196608.0,0.0,0.0,1116389.0,47011020.0
"2022-05-06 16:37:34",snort-ids,1,0.0,0.0,0.0,0.0,2030880.0,0,0.0,0.0,2.0,20480.0,0.0,0.0,2382.0,268871.0
"2022-05-06 16:37:34",netsniff-ng,1,0.0,0.0,0.0,0.0,2030880.0,0,0.0,0.0,7.0,40960.0,0.0,0.0,195786.0,8439302.0
"2022-05-06 16:37:34",suricata-ids,1,0.0,0.0,0.0,0.0,2030880.0,0,0.0,0.0,5.0,196608.0,0.0,0.0,1116389.0,47011020.0
"2022-05-06 16:38:52",snort-ids,1,0.0,0.0,0.0,0.0,2030880.0,0,0.0,0.0,0.0,0.0,0.0,0.0,2405.0,273630.0
"2022-05-06 16:38:52",netsniff-ng,1,0.0,0.0,0.0,0.0,2030880.0,0,0.0,0.0,0.0,0.0,0.0,0.0,195814.0,8444391.0
"2022-05-06 16:38:52",suricata-ids,1,0.0,0.0,0.0,0.0,2030880.0,0,0.0,0.0,0.0,0.0,0.0,0.0,1116415.0,47015977.0
"2022-05-06 16:38:53",snort-ids,1,0.0,0.0,0.0,0.0,2030880.0,0,0.0,0.0,0.0,0.0,0.0,0.0,2405.0,273630.0
"2022-05-06 16:38:53",netsniff-ng,1,0.0,0.0,0.0,0.0,2030880.0,0,0.0,0.0,0.0,0.0,0.0,0.0,195814.0,8444391.0
"2022-05-06 16:38:53",suricata-ids,1,0.0,0.0,0.0,0.0,2030880.0,0,0.0,0.0,2.0,24576.0,0.0,0.0,1116415.0,47015977.0
"2022-05-06 16:38:54",snort-ids,1,0.0,0.0,0.0,0.0,2030880.0,0,0.0,0.0,0.0,0.0,0.0,0.0,2405.0,273630.0
"2022-05-06 16:38:54",netsniff-ng,1,0.0,0.0,0.0,0.0,2030880.0,0,0.0,0.0,0.0,0.0,0.0,0.0,195814.0,8444391.0
"2022-05-06 16:38:54",suricata-ids,1,0.0,0.0,0.0,0.0,2030880.0,0,0.0,0.0,6.0,40960.0,0.0,0.0,1116415.0,47015977.0
"2022-05-06 16:38:55",snort-ids,1,0.0,0.0,0.0,0.0,2030880.0,0,0.0,0.0,0.0,0.0,0.0,0.0,2405.0,273630.0
"2022-05-06 16:38:55",netsniff-ng,1,0.0,0.0,0.0,0.0,2030880.0,0,0.0,0.0,0.0,0.0,0.0,0.0,195814.0,8444391.0
"2022-05-06 16:38:55",suricata-ids,1,0.0,0.0,0.0,0.0,2030880.0,0,0.0,0.0,6.0,40960.0,0.0,0.0,1116415.0,47015977.0
"2022-05-06 16:38:56",snort-ids,1,0.0,0.0,0.0,0.0,2030880.0,0,0.0,0.0,2.0,20480.0,0.0,0.0,2405.0,273630.0
"2022-05-06 16:38:56",netsniff-ng,1,0.0,0.0,0.0,0.0,2030880.0,0,0.0,0.0,2.0,20480.0,0.0,0.0,195814.0,8444391.0
"2022-05-06 16:38:56",suricata-ids,1,0.0,0.0,0.0,0.0,2030880.0,0,0.0,0.0,6.0,40960.0,0.0,0.0,1116415.0,47015977.0
"2022-05-06 16:38:57",suricata-ids,1,0.0,0.0,0.0,0.0,2030880.0,0,0.0,0.0,6.0,40960.0,0.0,0.0,1116415.0,47015977.0
"2022-05-06 16:38:57",netsniff-ng,1,0.0,0.0,0.0,0.0,2030880.0,0,0.0,0.0,2.0,20480.0,0.0,0.0,195814.0,8444391.0
"2022-05-06 16:38:57",snort-ids,1,0.0,0.0,0.0,0.0,2030880.0,0,0.0,0.0,2.0,20480.0,0.0,0.0,2405.0,273630.0
"2022-05-06 16:38:58",suricata-ids,1,0.0,0.0,0.0,0.0,2030880.0,0,0.0,0.0,8.0,61440.0,0.0,0.0,1116415.0,47015977.0
"2022-05-06 16:38:58",netsniff-ng,1,0.0,0.0,0.0,0.0,2030880.0,0,0.0,0.0,2.0,20480.0,0.0,0.0,195814.0,8444391.0
"2022-05-06 16:38:58",snort-ids,1,0.0,0.0,0.0,0.0,2030880.0,0,0.0,0.0,2.0,20480.0,0.0,0.0,2405.0,273630.0
"2022-05-06 16:38:59",netsniff-ng,1,0.0,0.0,0.0,0.0,2030880.0,0,0.0,0.0,2.0,20480.0,0.0,0.0,195814.0,8444391.0
"2022-05-06 16:38:59",suricata-ids,1,0.0,0.0,0.0,0.0,2030880.0,0,0.0,0.0,8.0,61440.0,0.0,0.0,1116415.0,47015977.0
"2022-05-06 16:38:59",snort-ids,1,0.0,0.0,0.0,0.0,2030880.0,0,0.0,0.0,2.0,20480.0,0.0,0.0,2405.0,273630.0
"2022-05-06 16:39:00",snort-ids,1,0.0,0.0,0.0,0.0,2030880.0,0,0.0,0.0,2.0,20480.0,0.0,0.0,2405.0,273630.0
"2022-05-06 16:39:00",netsniff-ng,1,0.0,0.0,0.0,0.0,2030880.0,0,0.0,0.0,2.0,20480.0,0.0,0.0,195814.0,8444391.0
"2022-05-06 16:39:00",suricata-ids,1,0.0,0.0,0.0,0.0,2030880.0,0,0.0,0.0,8.0,61440.0,0.0,0.0,1116415.0,47015977.0
"2022-05-06 16:40:22",netsniff-ng,1,0.0,0.0,0.0,0.0,2030880.0,0,0.0,0.0,0.0,0.0,0.0,0.0,195841.0,8449414.0
"2022-05-06 16:40:22",snort-ids,1,0.0,0.0,0.0,0.0,2030880.0,0,0.0,0.0,0.0,0.0,0.0,0.0,2431.0,278587.0
"2022-05-06 16:40:22",suricata-ids,1,0.0,0.0,0.0,0.0,2030880.0,0,0.0,0.0,0.0,0.0,0.0,0.0,1116441.0,47020934.0
"2022-05-06 16:40:23",netsniff-ng,1,0.0,0.0,0.0,0.0,2030880.0,0,0.0,0.0,0.0,0.0,0.0,0.0,195841.0,8449414.0
"2022-05-06 16:40:23",snort-ids,1,0.0,0.0,0.0,0.0,2030880.0,0,0.0,0.0,0.0,0.0,0.0,0.0,2431.0,278587.0
"2022-05-06 16:40:23",suricata-ids,1,0.0,0.0,0.0,0.0,2030880.0,0,0.0,0.0,0.0,0.0,0.0,0.0,1116441.0,47020934.0
"2022-05-06 16:40:24",snort-ids,1,0.0,0.0,0.0,0.0,2030880.0,0,0.0,0.0,0.0,0.0,0.0,0.0,2431.0,278587.0
"2022-05-06 16:40:24",suricata-ids,1,0.0,0.0,0.0,0.0,2030880.0,0,0.0,0.0,5.0,20480.0,0.0,0.0,1116441.0,47020934.0
"2022-05-06 16:40:24",netsniff-ng,1,0.0,0.0,0.0,0.0,2030880.0,0,0.0,0.0,0.0,0.0,0.0,0.0,195841.0,8449414.0
"2022-05-06 16:40:25",snort-ids,1,0.0,0.0,0.0,0.0,2030880.0,0,0.0,0.0,0.0,0.0,0.0,0.0,2431.0,278587.0
"2022-05-06 16:40:25",suricata-ids,1,0.0,0.0,0.0,0.0,2030880.0,0,0.0,0.0,5.0,20480.0,0.0,0.0,1116441.0,47020934.0
"2022-05-06 16:40:25",netsniff-ng,1,0.0,0.0,0.0,0.0,2030880.0,0,0.0,0.0,0.0,0.0,0.0,0.0,195841.0,8449414.0
"2022-05-06 16:40:26",snort-ids,1,0.0,0.0,0.0,0.0,2030880.0,0,0.0,0.0,41.0,229376.0,0.0,0.0,2431.0,278587.0
"2022-05-06 16:40:26",suricata-ids,1,0.0,0.0,0.0,0.0,2030880.0,0,0.0,0.0,7.0,40960.0,0.0,0.0,1116441.0,47020934.0
"2022-05-06 16:40:26",netsniff-ng,1,0.0,0.0,0.0,0.0,2030880.0,0,0.0,0.0,2.0,20480.0,0.0,0.0,195841.0,8449414.0
"2022-05-06 16:40:27",suricata-ids,1,0.0,0.0,0.0,0.0,2030880.0,0,0.0,0.0,7.0,40960.0,0.0,0.0,1116441.0,47020934.0
"2022-05-06 16:40:27",netsniff-ng,1,0.0,0.0,0.0,0.0,2030880.0,0,0.0,0.0,2.0,20480.0,0.0,0.0,195841.0,8449414.0
"2022-05-06 16:40:27",snort-ids,1,0.0,0.0,0.0,0.0,2030880.0,0,0.0,0.0,41.0,229376.0,0.0,0.0,2431.0,278587.0
"2022-05-06 16:40:28",suricata-ids,1,0.0,0.0,0.0,0.0,2030880.0,0,0.0,0.0,7.0,40960.0,0.0,0.0,1116441.0,47020934.0
"2022-05-06 16:40:28",netsniff-ng,1,0.0,0.0,0.0,0.0,2030880.0,0,0.0,0.0,2.0,20480.0,0.0,0.0,195841.0,8449414.0
"2022-05-06 16:40:28",snort-ids,1,0.0,0.0,0.0,0.0,2030880.0,0,0.0,0.0,41.0,229376.0,0.0,0.0,2431.0,278587.0
"2022-05-06 16:40:29",suricata-ids,1,0.0,0.0,0.0,0.0,2030880.0,0,0.0,0.0,7.0,40960.0,0.0,0.0,1116441.0,47020934.0
"2022-05-06 16:40:29",netsniff-ng,1,0.0,0.0,0.0,0.0,2030880.0,0,0.0,0.0,2.0,20480.0,0.0,0.0,195841.0,8449414.0
"2022-05-06 16:40:29",snort-ids,1,0.0,0.0,0.0,0.0,2030880.0,0,0.0,0.0,41.0,229376.0,0.0,0.0,2431.0,278587.0
"2022-05-06 16:40:30",netsniff-ng,1,0.0,0.0,0.0,0.0,2030880.0,0,0.0,0.0,2.0,20480.0,0.0,0.0,195841.0,8449414.0
"2022-05-06 16:40:30",snort-ids,1,0.0,0.0,0.0,0.0,2030880.0,0,0.0,0.0,41.0,229376.0,0.0,0.0,2431.0,278587.0
"2022-05-06 16:40:30",suricata-ids,1,0.0,0.0,0.0,0.0,2030880.0,0,0.0,0.0,7.0,40960.0,0.0,0.0,1116441.0,47020934.0
"2022-05-06 16:41:51",suricata-ids,1,0.0,0.0,0.0,0.0,2030880.0,0,0.0,0.0,0.0,0.0,0.0,0.0,1116465.0,47025775.0
"2022-05-06 16:41:51",snort-ids,1,0.0,0.0,0.0,0.0,2030880.0,0,0.0,0.0,0.0,0.0,0.0,0.0,2454.0,283346.0
"2022-05-06 16:41:51",netsniff-ng,1,0.0,0.0,0.0,0.0,2030880.0,0,0.0,0.0,0.0,0.0,0.0,0.0,195866.0,8454329.0
"2022-05-06 16:41:52",suricata-ids,1,0.0,0.0,0.0,0.0,2030880.0,0,0.0,0.0,0.0,0.0,0.0,0.0,1116465.0,47025775.0
"2022-05-06 16:41:52",netsniff-ng,1,0.0,0.0,0.0,0.0,2030880.0,0,0.0,0.0,0.0,0.0,0.0,0.0,195866.0,8454329.0
"2022-05-06 16:41:52",snort-ids,1,0.0,0.0,0.0,0.0,2030880.0,0,0.0,0.0,0.0,0.0,0.0,0.0,2454.0,283346.0
"2022-05-06 16:41:53",suricata-ids,1,0.0,0.0,0.0,0.0,2030880.0,0,0.0,0.0,0.0,0.0,0.0,0.0,1116465.0,47025775.0
"2022-05-06 16:41:53",snort-ids,1,0.0,0.0,0.0,0.0,2030880.0,0,0.0,0.0,0.0,0.0,0.0,0.0,2454.0,283346.0
"2022-05-06 16:41:53",netsniff-ng,1,0.0,0.0,0.0,0.0,2030880.0,0,0.0,0.0,0.0,0.0,0.0,0.0,195866.0,8454329.0
"2022-05-06 16:41:54",suricata-ids,1,0.0,0.0,0.0,0.0,2030880.0,0,0.0,0.0,0.0,0.0,0.0,0.0,1116465.0,47025775.0
"2022-05-06 16:41:54",snort-ids,1,0.0,0.0,0.0,0.0,2030880.0,0,0.0,0.0,0.0,0.0,0.0,0.0,2454.0,283346.0
"2022-05-06 16:41:54",netsniff-ng,1,0.0,0.0,0.0,0.0,2030880.0,0,0.0,0.0,0.0,0.0,0.0,0.0,195866.0,8454329.0
"2022-05-06 16:41:55",suricata-ids,1,0.0,0.0,0.0,0.0,2030880.0,0,0.0,0.0,2.0,24576.0,0.0,0.0,1116465.0,47025775.0
"2022-05-06 16:41:55",snort-ids,1,0.0,0.0,0.0,0.0,2030880.0,0,0.0,0.0,0.0,0.0,0.0,0.0,2454.0,283346.0
"2022-05-06 16:41:55",netsniff-ng,1,0.0,0.0,0.0,0.0,2030880.0,0,0.0,0.0,2.0,20480.0,0.0,0.0,195866.0,8454329.0
"2022-05-06 16:41:56",suricata-ids,1,0.0,0.0,0.0,0.0,2030880.0,0,0.0,0.0,2.0,24576.0,0.0,0.0,1116465.0,47025775.0
"2022-05-06 16:41:56",snort-ids,1,0.0,0.0,0.0,0.0,2030880.0,0,0.0,0.0,2.0,20480.0,0.0,0.0,2454.0,283346.0
"2022-05-06 16:41:56",netsniff-ng,1,0.0,0.0,0.0,0.0,2030880.0,0,0.0,0.0,2.0,20480.0,0.0,0.0,195866.0,8454329.0
"2022-05-06 16:41:57",suricata-ids,1,0.0,0.0,0.0,0.0,2030880.0,0,0.0,0.0,2.0,24576.0,0.0,0.0,1116465.0,47025775.0
"2022-05-06 16:41:57",snort-ids,1,0.0,0.0,0.0,0.0,2030880.0,0,0.0,0.0,2.0,20480.0,0.0,0.0,2454.0,283346.0
"2022-05-06 16:41:57",netsniff-ng,1,0.0,0.0,0.0,0.0,2030880.0,0,0.0,0.0,2.0,20480.0,0.0,0.0,195866.0,8454329.0
"2022-05-06 16:41:58",suricata-ids,1,0.0,0.0,0.0,0.0,2030880.0,0,0.0,0.0,2.0,24576.0,0.0,0.0,1116465.0,47025775.0
"2022-05-06 16:41:59",snort-ids,1,0.0,0.0,0.0,0.0,2030880.0,0,0.0,0.0,2.0,20480.0,0.0,0.0,2454.0,283346.0
"2022-05-06 16:41:59",netsniff-ng,1,0.0,0.0,0.0,0.0,2030880.0,0,0.0,0.0,2.0,20480.0,0.0,0.0,195866.0,8454329.0
"2022-05-06 16:41:59",suricata-ids,1,0.0,0.0,0.0,0.0,2030880.0,0,0.0,0.0,2.0,24576.0,0.0,0.0,1116465.0,47025775.0
"2022-05-06 16:41:59",netsniff-ng,1,0.0,0.0,0.0,0.0,2030880.0,0,0.0,0.0,2.0,20480.0,0.0,0.0,195866.0,8454329.0
"2022-05-06 16:42:00",snort-ids,1,0.0,0.0,0.0,0.0,2030880.0,0,0.0,0.0,2.0,20480.0,0.0,0.0,2454.0,283346.0
"2022-05-06 16:47:00",firewall,2,0.0,0.0,0.0,0.0,3082280.0,0,0.0,0.0,39.0,229376.0,27305.0,29762450.0,97712630.0,6343447661.0
"2022-05-06 16:47:00",snort-ids,1,0.0,0.0,0.0,0.0,2030880.0,0,0.0,0.0,0.0,0.0,0.0,0.0,2509.0,293498.0
"2022-05-06 16:47:00",tcpdump,1,0.0,0.0,0.0,0.0,2030880.0,0,0.0,0.0,0.0,0.0,0.0,0.0,6451.0,649361.0
"2022-05-06 16:47:01",snort-ids,1,0.0,0.0,0.0,0.0,2030880.0,0,0.0,0.0,0.0,0.0,0.0,0.0,2509.0,293498.0
"2022-05-06 16:47:01",tcpdump,1,0.0,0.0,0.0,0.0,2030880.0,0,0.0,0.0,0.0,0.0,0.0,0.0,6451.0,649361.0
"2022-05-06 16:47:01",firewall,2,0.0,0.0,0.0,0.0,3082280.0,0,0.0,0.0,39.0,229376.0,54325.0,59214250.0,97732882.0,6344784293.0
"2022-05-06 16:47:02",snort-ids,1,0.0,0.0,0.0,0.0,2030880.0,0,0.0,0.0,0.0,0.0,0.0,0.0,2509.0,293498.0
"2022-05-06 16:47:03",firewall,2,0.0,0.0,0.0,0.0,3082280.0,0,0.0,0.0,39.0,229376.0,78873.0,85971570.0,97751316.0,6346000937.0
"2022-05-06 16:47:03",tcpdump,1,0.0,0.0,0.0,0.0,2030880.0,0,0.0,0.0,14.0,61440.0,0.0,0.0,6451.0,649361.0
"2022-05-06 16:47:03",tcpdump,1,0.0,0.0,0.0,0.0,2030880.0,0,0.0,0.0,14.0,61440.0,0.0,0.0,6451.0,649361.0
"2022-05-06 16:47:03",firewall,2,0.0,0.0,0.0,0.0,3082280.0,0,0.0,0.0,39.0,229376.0,103305.0,112602450.0,97769625.0,6347209331.0
"2022-05-06 16:47:03",snort-ids,1,0.0,0.0,0.0,0.0,2030880.0,0,0.0,0.0,2.0,36864.0,0.0,0.0,2509.0,293498.0
"2022-05-06 16:47:04",tcpdump,1,0.0,0.0,0.0,0.0,2030880.0,0,0.0,0.0,16.0,81920.0,0.0,0.0,6451.0,649361.0
"2022-05-06 16:47:05",snort-ids,1,0.0,0.0,0.0,0.0,2030880.0,0,0.0,0.0,2.0,36864.0,0.0,0.0,2509.0,293498.0
"2022-05-06 16:47:05",firewall,2,0.0,0.0,0.0,0.0,3082280.0,0,0.0,0.0,41.0,249856.0,132715.0,144659350.0,97791723.0,6348667799.0
"2022-05-06 16:47:05",tcpdump,1,0.0,0.0,0.0,0.0,2030880.0,0,0.0,0.0,16.0,81920.0,0.0,0.0,6451.0,649361.0
"2022-05-06 16:47:06",snort-ids,1,0.0,0.0,0.0,0.0,2030880.0,0,0.0,0.0,2.0,36864.0,0.0,0.0,2509.0,293498.0
"2022-05-06 16:47:06",firewall,2,0.0,0.0,0.0,0.0,3082280.0,0,0.0,0.0,41.0,249856.0,157198.0,171345820.0,97810116.0,6349881737.0
"2022-05-06 16:47:06",tcpdump,1,0.0,0.0,0.0,0.0,2030880.0,0,0.0,0.0,16.0,81920.0,0.0,0.0,6451.0,649361.0
"2022-05-06 16:47:07",snort-ids,1,0.0,0.0,0.0,0.0,2030880.0,0,0.0,0.0,2.0,36864.0,0.0,0.0,2509.0,293498.0
"2022-05-06 16:47:07",firewall,2,0.0,0.0,0.0,0.0,3082280.0,0,0.0,0.0,41.0,249856.0,181705.0,198058450.0,97828426.0,6351090197.0
"2022-05-06 16:47:07",tcpdump,1,0.0,0.0,0.0,0.0,2030880.0,0,0.0,0.0,16.0,81920.0,0.0,0.0,6451.0,649361.0
"2022-05-06 16:47:07",snort-ids,1,0.0,0.0,0.0,0.0,2030880.0,0,0.0,0.0,2.0,36864.0,0.0,0.0,2509.0,293498.0
"2022-05-06 16:47:07",firewall,2,0.0,0.0,0.0,0.0,3082280.0,0,0.0,0.0,41.0,249856.0,203707.0,222040630.0,97844932.0,6352179593.0
"2022-05-06 16:47:08",tcpdump,1,0.0,0.0,0.0,0.0,2030880.0,0,0.0,0.0,16.0,81920.0,0.0,0.0,6451.0,649361.0
"2022-05-06 16:47:09",snort-ids,1,0.0,0.0,0.0,0.0,2030880.0,0,0.0,0.0,2.0,36864.0,0.0,0.0,2509.0,293498.0
"2022-05-06 16:47:09",firewall,2,0.0,0.0,0.0,0.0,3082280.0,0,0.0,0.0,41.0,249856.0,230685.0,251447922.0,97865194.0,6353516885.0
"2022-05-06 16:48:24",snort-ids,1,0.0,0.0,0.0,0.0,2030880.0,0,0.0,0.0,0.0,0.0,0.0,0.0,2532.0,298257.0
"2022-05-06 16:48:24",tcpdump,1,0.0,0.0,0.0,0.0,2030880.0,0,0.0,0.0,0.0,0.0,0.0,0.0,6474.0,654120.0
"2022-05-06 16:48:24",firewall,2,0.0,0.0,0.0,0.0,3082280.0,0,0.0,0.0,0.0,0.0,48176.0,52512688.0,98688115.0,6408693903.0
"2022-05-06 16:48:25",snort-ids,1,0.0,0.0,0.0,0.0,2030880.0,0,0.0,0.0,0.0,0.0,1.0,70.0,2532.0,298257.0
"2022-05-06 16:48:25",tcpdump,1,0.0,0.0,0.0,0.0,2030880.0,0,0.0,0.0,0.0,0.0,1.0,70.0,6474.0,654120.0
"2022-05-06 16:48:25",firewall,2,0.0,0.0,0.0,0.0,3082280.0,0,0.0,0.0,0.0,0.0,94762.0,103290156.0,98723061.0,6411000343.0
"2022-05-06 16:48:26",snort-ids,1,0.0,0.0,0.0,0.0,2030880.0,0,0.0,0.0,0.0,0.0,1.0,70.0,2532.0,298257.0
"2022-05-06 16:48:26",tcpdump,1,0.0,0.0,0.0,0.0,2030880.0,0,0.0,0.0,0.0,0.0,1.0,70.0,6474.0,654120.0
"2022-05-06 16:48:26",firewall,2,0.0,0.0,0.0,0.0,3082280.0,0,0.0,0.0,0.0,0.0,139233.0,151765242.0,98756400.0,6413200717.0
"2022-05-06 16:48:27",firewall,2,0.0,0.0,0.0,0.0,3082280.0,0,0.0,0.0,34.0,155648.0,178672.0,194752904.0,98786017.0,6415155439.0
"2022-05-06 16:48:27",snort-ids,1,0.0,0.0,0.0,0.0,2030880.0,0,0.0,0.0,3.0,12288.0,1.0,70.0,2532.0,298257.0
"2022-05-06 16:48:27",tcpdump,1,0.0,0.0,0.0,0.0,2030880.0,0,0.0,0.0,0.0,0.0,1.0,70.0,6474.0,654120.0
"2022-05-06 16:48:28",firewall,2,0.0,0.0,0.0,0.0,3082280.0,0,0.0,0.0,36.0,176128.0,228083.0,248611318.0,98823049.0,6417599551.0
"2022-05-06 16:48:28",tcpdump,1,0.0,0.0,0.0,0.0,2030880.0,0,0.0,0.0,2.0,36864.0,1.0,70.0,6474.0,654120.0
"2022-05-06 16:48:28",snort-ids,1,0.0,0.0,0.0,0.0,2030880.0,0,0.0,0.0,5.0,32768.0,1.0,70.0,2532.0,298257.0
"2022-05-06 16:48:29",tcpdump,1,0.0,0.0,0.0,0.0,2030880.0,0,0.0,0.0,2.0,36864.0,1.0,70.0,6474.0,654120.0
"2022-05-06 16:48:29",firewall,2,0.0,0.0,0.0,0.0,3082280.0,0,0.0,0.0,36.0,176128.0,272700.0,297242092.0,98856538.0,6419809825.0
"2022-05-06 16:48:29",snort-ids,1,0.0,0.0,0.0,0.0,2030880.0,0,0.0,0.0,5.0,32768.0,1.0,70.0,2532.0,298257.0
"2022-05-06 16:48:30",tcpdump,1,0.0,0.0,0.0,0.0,2030880.0,0,0.0,0.0,2.0,36864.0,1.0,70.0,6474.0,654120.0
"2022-05-06 16:48:30",firewall,2,0.0,0.0,0.0,0.0,3082280.0,0,0.0,0.0,36.0,176128.0,318151.0,346785438.0,98890605.0,6422058247.0
"2022-05-06 16:48:30",snort-ids,1,0.0,0.0,0.0,0.0,2030880.0,0,0.0,0.0,5.0,32768.0,1.0,70.0,2532.0,298257.0
"2022-05-06 16:48:31",tcpdump,1,0.0,0.0,0.0,0.0,2030880.0,0,0.0,0.0,2.0,36864.0,1.0,70.0,6474.0,654120.0
"2022-05-06 16:48:31",firewall,2,0.0,0.0,0.0,0.0,3082280.0,0,0.0,0.0,36.0,176128.0,362600.0,395233576.0,98923891.0,6424255123.0
"2022-05-06 16:48:31",snort-ids,1,0.0,0.0,0.0,0.0,2030880.0,0,0.0,0.0,5.0,32768.0,1.0,70.0,2532.0,298257.0
"2022-05-06 16:48:32",tcpdump,1,0.0,0.0,0.0,0.0,2030880.0,0,0.0,0.0,2.0,36864.0,1.0,70.0,6474.0,654120.0
"2022-05-06 16:48:32",firewall,2,0.0,0.0,0.0,0.0,3082280.0,0,0.0,0.0,36.0,176128.0,407176.0,443823112.0,98957343.0,6426462955.0
"2022-05-06 16:48:32",snort-ids,1,0.0,0.0,0.0,0.0,2030880.0,0,0.0,0.0,5.0,32768.0,1.0,70.0,2532.0,298257.0
"2022-05-06 17:03:43",tcpdump,1,0.0,0.0,0.0,0.0,2030880.0,0,0.0,0.0,0.0,0.0,0.0,0.0,6549.0,668685.0
"2022-05-06 17:03:43",snort-ids,1,0.0,0.0,0.0,0.0,2030880.0,0,0.0,0.0,0.0,0.0,0.0,0.0,2498848.0,105155608.0
"2022-05-06 17:03:43",firewall,2,0.0,0.0,0.0,0.0,3082280.0,0,0.0,0.0,0.0,0.0,24439.0,26642750.0,123224807.0,7888211947.0
"2022-05-06 17:03:44",tcpdump,1,0.0,0.0,0.0,0.0,2030880.0,0,0.0,0.0,0.0,0.0,0.0,0.0,6549.0,668685.0
"2022-05-06 17:03:44",snort-ids,1,0.0,0.0,0.0,0.0,2030880.0,0,0.0,0.0,0.0,0.0,0.0,0.0,2498848.0,105155608.0
"2022-05-06 17:03:44",firewall,2,0.0,0.0,0.0,0.0,3082280.0,0,0.0,0.0,0.0,0.0,49030.0,53444396.0,123243290.0,7889431825.0
"2022-05-06 17:03:45",tcpdump,1,0.0,0.0,0.0,0.0,2030880.0,0,0.0,0.0,0.0,0.0,0.0,0.0,6549.0,668685.0
"2022-05-06 17:03:45",snort-ids,1,0.0,0.0,0.0,0.0,2030880.0,0,0.0,0.0,0.0,0.0,0.0,0.0,2498848.0,105155608.0
"2022-05-06 17:03:45",firewall,2,0.0,0.0,0.0,0.0,3082280.0,0,0.0,0.0,51.0,270336.0,73509.0,80124810.0,123261660.0,7890644245.0
"2022-05-06 17:03:46",snort-ids,1,0.0,0.0,0.0,0.0,2030880.0,0,0.0,0.0,0.0,0.0,0.0,0.0,2498848.0,105155608.0
"2022-05-06 17:03:46",firewall,2,0.0,0.0,0.0,0.0,3082280.0,0,0.0,0.0,51.0,270336.0,98000.0,106820000.0,123279997.0,7891854487.0
"2022-05-06 17:03:46",tcpdump,1,0.0,0.0,0.0,0.0,2030880.0,0,0.0,0.0,0.0,0.0,0.0,0.0,6549.0,668685.0
"2022-05-06 17:03:47",firewall,2,0.0,0.0,0.0,0.0,3082280.0,0,0.0,0.0,51.0,270336.0,122493.0,133519066.0,123298345.0,7893065455.0
"2022-05-06 17:03:47",tcpdump,1,0.0,0.0,0.0,0.0,2030880.0,0,0.0,0.0,2.0,20480.0,0.0,0.0,6549.0,668685.0
"2022-05-06 17:03:47",snort-ids,1,0.0,0.0,0.0,0.0,2030880.0,0,0.0,0.0,2.0,20480.0,0.0,0.0,2498848.0,105155608.0
"2022-05-06 17:03:48",firewall,2,0.0,0.0,0.0,0.0,3082280.0,0,0.0,0.0,51.0,270336.0,147034.0,160267060.0,123316802.0,7894283617.0
"2022-05-06 17:03:48",snort-ids,1,0.0,0.0,0.0,0.0,2030880.0,0,0.0,0.0,2.0,20480.0,0.0,0.0,2498848.0,105155608.0
"2022-05-06 17:03:48",tcpdump,1,0.0,0.0,0.0,0.0,2030880.0,0,0.0,0.0,2.0,20480.0,0.0,0.0,6549.0,668685.0
"2022-05-06 17:03:49",firewall,2,0.0,0.0,0.0,0.0,3082280.0,0,0.0,0.0,51.0,270336.0,171545.0,186984050.0,123335160.0,7895495245.0
"2022-05-06 17:03:49",snort-ids,1,0.0,0.0,0.0,0.0,2030880.0,0,0.0,0.0,2.0,20480.0,0.0,0.0,2498848.0,105155608.0
"2022-05-06 17:03:49",tcpdump,1,0.0,0.0,0.0,0.0,2030880.0,0,0.0,0.0,2.0,20480.0,0.0,0.0,6549.0,668685.0
"2022-05-06 17:03:50",tcpdump,1,0.0,0.0,0.0,0.0,2030880.0,0,0.0,0.0,2.0,20480.0,0.0,0.0,6549.0,668685.0
"2022-05-06 17:03:50",snort-ids,1,0.0,0.0,0.0,0.0,2030880.0,0,0.0,0.0,2.0,20480.0,0.0,0.0,2498848.0,105155608.0
"2022-05-06 17:03:50",firewall,2,0.0,0.0,0.0,0.0,3082280.0,0,0.0,0.0,51.0,270336.0,198400.0,216256000.0,123355297.0,7896824287.0
"2022-05-06 17:03:51",firewall,2,0.0,0.0,0.0,0.0,3082280.0,0,0.0,0.0,53.0,286720.0,220531.0,240379638.0,123371849.0,7897916719.0
"2022-05-06 17:03:51",snort-ids,1,0.0,0.0,0.0,0.0,2030880.0,0,0.0,0.0,2.0,20480.0,0.0,0.0,2498848.0,105155608.0
"2022-05-06 17:03:51",tcpdump,1,0.0,0.0,0.0,0.0,2030880.0,0,0.0,0.0,2.0,20480.0,0.0,0.0,6549.0,668685.0
"2022-05-06 17:05:23",firewall,2,0.0,0.0,0.0,0.0,3082280.0,0,0.0,0.0,0.0,0.0,45094.0,49172340.0,124315474.0,7961685121.0
"2022-05-06 17:05:23",snort-ids,1,0.0,0.0,0.0,0.0,2030880.0,0,0.0,0.0,0.0,0.0,0.0,0.0,2498871.0,105160367.0
"2022-05-06 17:05:23",tcpdump,1,0.0,0.0,0.0,0.0,2030880.0,0,0.0,0.0,0.0,0.0,0.0,0.0,6575.0,673642.0
"2022-05-06 17:05:24",firewall,2,0.0,0.0,0.0,0.0,3082280.0,0,0.0,0.0,0.0,0.0,86308.0,94096448.0,124346383.0,7963725115.0
"2022-05-06 17:05:24",snort-ids,1,0.0,0.0,0.0,0.0,2030880.0,0,0.0,0.0,0.0,0.0,0.0,0.0,2498871.0,105160367.0
"2022-05-06 17:05:24",tcpdump,1,0.0,0.0,0.0,0.0,2030880.0,0,0.0,0.0,0.0,0.0,0.0,0.0,6575.0,673642.0
"2022-05-06 17:05:25",firewall,2,0.0,0.0,0.0,0.0,3082280.0,0,0.0,0.0,0.0,0.0,138902.0,151422636.0,124385814.0,7966327561.0
"2022-05-06 17:05:25",snort-ids,1,0.0,0.0,0.0,0.0,2030880.0,0,0.0,0.0,1.0,4096.0,0.0,0.0,2498871.0,105160367.0
"2022-05-06 17:05:25",tcpdump,1,0.0,0.0,0.0,0.0,2030880.0,0,0.0,0.0,0.0,0.0,0.0,0.0,6575.0,673642.0
"2022-05-06 17:05:26",firewall,2,0.0,0.0,0.0,0.0,3082280.0,0,0.0,0.0,0.0,0.0,182547.0,199000350.0,124418529.0,7968486751.0
"2022-05-06 17:05:26",snort-ids,1,0.0,0.0,0.0,0.0,2030880.0,0,0.0,0.0,1.0,4096.0,0.0,0.0,2498871.0,105160367.0
"2022-05-06 17:05:26",tcpdump,1,0.0,0.0,0.0,0.0,2030880.0,0,0.0,0.0,0.0,0.0,0.0,0.0,6575.0,673642.0
"2022-05-06 17:05:27",firewall,2,0.0,0.0,0.0,0.0,3082280.0,0,0.0,0.0,2.0,16384.0,232729.0,253732218.0,124454775.0,7970878987.0
"2022-05-06 17:05:27",snort-ids,1,0.0,0.0,0.0,0.0,2030880.0,0,0.0,0.0,3.0,24576.0,0.0,0.0,2498871.0,105160367.0
"2022-05-06 17:05:27",tcpdump,1,0.0,0.0,0.0,0.0,2030880.0,0,0.0,0.0,2.0,20480.0,0.0,0.0,6575.0,673642.0
"2022-05-06 17:05:28",firewall,2,0.0,0.0,0.0,0.0,3082280.0,0,0.0,0.0,2.0,16384.0,289542.0,315647284.0,124496431.0,7973628283.0
"2022-05-06 17:05:28",snort-ids,1,0.0,0.0,0.0,0.0,2030880.0,0,0.0,0.0,3.0,24576.0,0.0,0.0,2498871.0,105160367.0
"2022-05-06 17:05:28",tcpdump,1,0.0,0.0,0.0,0.0,2030880.0,0,0.0,0.0,2.0,20480.0,0.0,0.0,6575.0,673642.0
"2022-05-06 17:05:29",firewall,2,0.0,0.0,0.0,0.0,3082280.0,0,0.0,0.0,2.0,16384.0,338661.0,369280850.0,124532895.0,7976034907.0
"2022-05-06 17:05:29",snort-ids,1,0.0,0.0,0.0,0.0,2030880.0,0,0.0,0.0,3.0,24576.0,0.0,0.0,2498871.0,105160367.0
"2022-05-06 17:05:29",tcpdump,1,0.0,0.0,0.0,0.0,2030880.0,0,0.0,0.0,2.0,20480.0,0.0,0.0,6575.0,673642.0
"2022-05-06 17:05:30",firewall,2,0.0,0.0,0.0,0.0,3082280.0,0,0.0,0.0,2.0,16384.0,392611.0,428127238.0,124573213.0,7978695895.0
"2022-05-06 17:05:30",snort-ids,1,0.0,0.0,0.0,0.0,2030880.0,0,0.0,0.0,3.0,24576.0,0.0,0.0,2498871.0,105160367.0
"2022-05-06 17:05:30",tcpdump,1,0.0,0.0,0.0,0.0,2030880.0,0,0.0,0.0,2.0,20480.0,0.0,0.0,6575.0,673642.0
"2022-05-06 17:05:31",firewall,2,0.0,0.0,0.0,0.0,3082280.0,0,0.0,0.0,2.0,16384.0,437978.0,477731604.0,124606580.0,7980898117.0
"2022-05-06 17:05:31",snort-ids,1,0.0,0.0,0.0,0.0,2030880.0,0,0.0,0.0,3.0,24576.0,0.0,0.0,2498871.0,105160367.0
"2022-05-06 17:05:31",tcpdump,1,0.0,0.0,0.0,0.0,2030880.0,0,0.0,0.0,2.0,20480.0,0.0,0.0,6575.0,673642.0
"2022-05-06 17:06:51",tcpdump,1,0.0,0.0,0.0,0.0,2030880.0,0,0.0,0.0,0.0,0.0,0.0,0.0,6602.0,678665.0
"2022-05-06 17:06:51",firewall,2,0.0,0.0,0.0,0.0,3082280.0,0,0.0,0.0,0.0,0.0,56307.0,61928686.0,125236867.0,8022503320.0
"2022-05-06 17:06:51",snort-ids,1,0.0,0.0,0.0,0.0,2030880.0,0,0.0,0.0,0.0,0.0,0.0,0.0,2498897.0,105165340.0
"2022-05-06 17:06:52",tcpdump,1,0.0,0.0,0.0,0.0,2030880.0,0,0.0,0.0,0.0,0.0,0.0,0.0,6602.0,678665.0
"2022-05-06 17:06:52",snort-ids,1,0.0,0.0,0.0,0.0,2030880.0,0,0.0,0.0,0.0,0.0,0.0,0.0,2498897.0,105165340.0
"2022-05-06 17:06:52",firewall,2,0.0,0.0,0.0,0.0,3082280.0,0,0.0,0.0,0.0,0.0,105426.0,116018212.0,125273157.0,8024898460.0
"2022-05-06 17:06:53",firewall,2,0.0,0.0,0.0,0.0,3082280.0,0,0.0,0.0,0.0,0.0,149886.0,164802244.0,125305275.0,8027018248.0
"2022-05-06 17:06:53",tcpdump,1,0.0,0.0,0.0,0.0,2030880.0,0,0.0,0.0,0.0,0.0,0.0,0.0,6602.0,678665.0
"2022-05-06 17:06:53",snort-ids,1,0.0,0.0,0.0,0.0,2030880.0,0,0.0,0.0,0.0,0.0,0.0,0.0,2498897.0,105165340.0
"2022-05-06 17:06:54",firewall,2,0.0,0.0,0.0,0.0,3082280.0,0,0.0,0.0,0.0,0.0,197405.0,216619746.0,125340797.0,8029362700.0
"2022-05-06 17:06:54",snort-ids,1,0.0,0.0,0.0,0.0,2030880.0,0,0.0,0.0,0.0,0.0,0.0,0.0,2498897.0,105165340.0
"2022-05-06 17:06:54",tcpdump,1,0.0,0.0,0.0,0.0,2030880.0,0,0.0,0.0,0.0,0.0,0.0,0.0,6602.0,678665.0
"2022-05-06 17:06:55",firewall,2,0.0,0.0,0.0,0.0,3082280.0,0,0.0,0.0,2.0,16384.0,250953.0,275044050.0,125379842.0,8031939670.0
"2022-05-06 17:06:55",tcpdump,1,0.0,0.0,0.0,0.0,2030880.0,0,0.0,0.0,2.0,20480.0,0.0,0.0,6602.0,678665.0
"2022-05-06 17:06:55",snort-ids,1,0.0,0.0,0.0,0.0,2030880.0,0,0.0,0.0,2.0,20480.0,0.0,0.0,2498897.0,105165340.0
"2022-05-06 17:06:56",firewall,2,0.0,0.0,0.0,0.0,3082280.0,0,0.0,0.0,2.0,16384.0,296077.0,324384858.0,125413156.0,8034138394.0
"2022-05-06 17:06:56",tcpdump,1,0.0,0.0,0.0,0.0,2030880.0,0,0.0,0.0,2.0,20480.0,0.0,0.0,6602.0,678665.0
"2022-05-06 17:06:56",snort-ids,1,0.0,0.0,0.0,0.0,2030880.0,0,0.0,0.0,2.0,20480.0,0.0,0.0,2498897.0,105165340.0
"2022-05-06 17:06:57",tcpdump,1,0.0,0.0,0.0,0.0,2030880.0,0,0.0,0.0,2.0,20480.0,0.0,0.0,6602.0,678665.0
"2022-05-06 17:06:57",firewall,2,0.0,0.0,0.0,0.0,3082280.0,0,0.0,0.0,2.0,16384.0,351638.0,385763324.0,125451782.0,8036687710.0
"2022-05-06 17:06:57",snort-ids,1,0.0,0.0,0.0,0.0,2030880.0,0,0.0,0.0,2.0,20480.0,0.0,0.0,2498897.0,105165340.0
"2022-05-06 17:06:58",tcpdump,1,0.0,0.0,0.0,0.0,2030880.0,0,0.0,0.0,2.0,20480.0,0.0,0.0,6602.0,678665.0
"2022-05-06 17:06:58",firewall,2,0.0,0.0,0.0,0.0,3082280.0,0,0.0,0.0,2.0,16384.0,399712.0,438163136.0,125487864.0,8039069122.0
"2022-05-06 17:06:58",snort-ids,1,0.0,0.0,0.0,0.0,2030880.0,0,0.0,0.0,2.0,20480.0,0.0,0.0,2498897.0,105165340.0
"2022-05-06 17:06:59",tcpdump,1,0.0,0.0,0.0,0.0,2030880.0,0,0.0,0.0,2.0,20480.0,0.0,0.0,6602.0,678665.0
"2022-05-06 17:06:59",snort-ids,1,0.0,0.0,0.0,0.0,2030880.0,0,0.0,0.0,2.0,20480.0,0.0,0.0,2498897.0,105165340.0
"2022-05-06 17:06:59",firewall,2,0.0,0.0,0.0,0.0,3082280.0,0,0.0,0.0,2.0,16384.0,454428.0,497804424.0,125528626.0,8041759414.0
"2022-05-06 17:08:24",firewall,2,0.0,0.0,0.0,0.0,3082280.0,0,0.0,0.0,0.0,0.0,43240.0,47138808.0,126472758.0,8105399487.0
"2022-05-06 17:08:24",tcpdump,1,0.0,0.0,0.0,0.0,2030880.0,0,0.0,0.0,0.0,0.0,0.0,0.0,6629.0,683688.0
"2022-05-06 17:08:24",snort-ids,1,0.0,0.0,0.0,0.0,2030880.0,0,0.0,0.0,4.0,16384.0,0.0,0.0,2498923.0,105170313.0
"2022-05-06 17:08:25",firewall,2,0.0,0.0,0.0,0.0,3082280.0,0,0.0,0.0,0.0,0.0,97791.0,106619166.0,126512442.0,8108018631.0
"2022-05-06 17:08:25",snort-ids,1,0.0,0.0,0.0,0.0,2030880.0,0,0.0,0.0,4.0,16384.0,0.0,0.0,2498923.0,105170313.0
"2022-05-06 17:08:25",tcpdump,1,0.0,0.0,0.0,0.0,2030880.0,0,0.0,0.0,0.0,0.0,0.0,0.0,6629.0,683688.0
"2022-05-06 17:08:26",firewall,2,0.0,0.0,0.0,0.0,3082280.0,0,0.0,0.0,0.0,0.0,139706.0,152312876.0,126543565.0,8110072749.0
"2022-05-06 17:08:26",snort-ids,1,0.0,0.0,0.0,0.0,2030880.0,0,0.0,0.0,4.0,16384.0,0.0,0.0,2498923.0,105170313.0
"2022-05-06 17:08:26",tcpdump,1,0.0,0.0,0.0,0.0,2030880.0,0,0.0,0.0,0.0,0.0,0.0,0.0,6629.0,683688.0
"2022-05-06 17:08:27",firewall,2,0.0,0.0,0.0,0.0,3082280.0,0,0.0,0.0,0.0,0.0,185712.0,202453056.0,126577912.0,8112339651.0
"2022-05-06 17:08:27",snort-ids,1,0.0,0.0,0.0,0.0,2030880.0,0,0.0,0.0,4.0,16384.0,0.0,0.0,2498923.0,105170313.0
"2022-05-06 17:08:27",tcpdump,1,0.0,0.0,0.0,0.0,2030880.0,0,0.0,0.0,0.0,0.0,0.0,0.0,6629.0,683688.0
"2022-05-06 17:08:28",firewall,2,0.0,0.0,0.0,0.0,3082280.0,0,0.0,0.0,2.0,16384.0,238861.0,260410906.0,126617129.0,8114927973.0
"2022-05-06 17:08:28",snort-ids,1,0.0,0.0,0.0,0.0,2030880.0,0,0.0,0.0,4.0,16384.0,0.0,0.0,2498923.0,105170313.0
"2022-05-06 17:08:28",tcpdump,1,0.0,0.0,0.0,0.0,2030880.0,0,0.0,0.0,0.0,0.0,0.0,0.0,6629.0,683688.0
"2022-05-06 17:08:29",firewall,2,0.0,0.0,0.0,0.0,3082280.0,0,0.0,0.0,2.0,16384.0,286780.0,312761032.0,126653030.0,8117297439.0
"2022-05-06 17:08:29",snort-ids,1,0.0,0.0,0.0,0.0,2030880.0,0,0.0,0.0,6.0,32768.0,0.0,0.0,2498923.0,105170313.0
"2022-05-06 17:08:29",tcpdump,1,0.0,0.0,0.0,0.0,2030880.0,0,0.0,0.0,2.0,16384.0,0.0,0.0,6629.0,683688.0
"2022-05-06 17:08:30",firewall,2,0.0,0.0,0.0,0.0,3082280.0,0,0.0,0.0,2.0,16384.0,345886.0,378383844.0,126694483.0,8120033337.0
"2022-05-06 17:08:30",tcpdump,1,0.0,0.0,0.0,0.0,2030880.0,0,0.0,0.0,2.0,16384.0,0.0,0.0,6629.0,683688.0
"2022-05-06 17:08:30",snort-ids,1,0.0,0.0,0.0,0.0,2030880.0,0,0.0,0.0,6.0,32768.0,0.0,0.0,2498923.0,105170313.0
"2022-05-06 17:08:31",firewall,2,0.0,0.0,0.0,0.0,3082280.0,0,0.0,0.0,2.0,16384.0,387812.0,424086576.0,126725772.0,8122098411.0
"2022-05-06 17:08:31",snort-ids,1,0.0,0.0,0.0,0.0,2030880.0,0,0.0,0.0,6.0,32768.0,0.0,0.0,2498923.0,105170313.0
"2022-05-06 17:08:31",tcpdump,1,0.0,0.0,0.0,0.0,2030880.0,0,0.0,0.0,2.0,16384.0,0.0,0.0,6629.0,683688.0
"2022-05-06 17:08:32",firewall,2,0.0,0.0,0.0,0.0,3082280.0,0,0.0,0.0,2.0,16384.0,433776.0,474189032.0,126760153.0,8124367557.0
"2022-05-06 17:08:32",snort-ids,1,0.0,0.0,0.0,0.0,2030880.0,0,0.0,0.0,6.0,32768.0,0.0,0.0,2498923.0,105170313.0
"2022-05-06 17:08:32",tcpdump,1,0.0,0.0,0.0,0.0,2030880.0,0,0.0,0.0,2.0,16384.0,0.0,0.0,6629.0,683688.0
"2022-05-06 17:09:50",firewall,2,0.0,0.0,0.0,0.0,3082280.0,0,0.0,0.0,0.0,0.0,48431.0,52823334.0,127370856.0,8164680864.0
"2022-05-06 17:09:51",snort-ids,1,0.0,0.0,0.0,0.0,2030880.0,0,0.0,0.0,0.0,0.0,0.0,0.0,2498949.0,105175286.0
"2022-05-06 17:09:51",tcpdump,1,0.0,0.0,0.0,0.0,2030880.0,0,0.0,0.0,0.0,0.0,0.0,0.0,6655.0,688645.0
"2022-05-06 17:09:52",firewall,2,0.0,0.0,0.0,0.0,3082280.0,0,0.0,0.0,0.0,0.0,99855.0,108875918.0,127409475.0,8167229718.0
"2022-05-06 17:09:52",snort-ids,1,0.0,0.0,0.0,0.0,2030880.0,0,0.0,0.0,0.0,0.0,0.0,0.0,2498949.0,105175286.0
"2022-05-06 17:09:52",tcpdump,1,0.0,0.0,0.0,0.0,2030880.0,0,0.0,0.0,0.0,0.0,0.0,0.0,6655.0,688645.0
"2022-05-06 17:09:52",firewall,2,0.0,0.0,0.0,0.0,3082280.0,0,0.0,0.0,0.0,0.0,142075.0,154896142.0,127441125.0,8169318618.0
"2022-05-06 17:09:53",snort-ids,1,0.0,0.0,0.0,0.0,2030880.0,0,0.0,0.0,0.0,0.0,0.0,0.0,2498949.0,105175286.0
"2022-05-06 17:09:53",tcpdump,1,0.0,0.0,0.0,0.0,2030880.0,0,0.0,0.0,0.0,0.0,0.0,0.0,6655.0,688645.0
"2022-05-06 17:09:54",firewall,2,0.0,0.0,0.0,0.0,3082280.0,0,0.0,0.0,0.0,0.0,189414.0,206495228.0,127476571.0,8171658054.0
"2022-05-06 17:09:54",snort-ids,1,0.0,0.0,0.0,0.0,2030880.0,0,0.0,0.0,0.0,0.0,0.0,0.0,2498949.0,105175286.0
"2022-05-06 17:09:54",tcpdump,1,0.0,0.0,0.0,0.0,2030880.0,0,0.0,0.0,0.0,0.0,0.0,0.0,6655.0,688645.0
"2022-05-06 17:09:55",firewall,2,0.0,0.0,0.0,0.0,3082280.0,0,0.0,0.0,2.0,16384.0,240404.0,262448936.0,127513840.0,8174117808.0
"2022-05-06 17:09:55",snort-ids,1,0.0,0.0,0.0,0.0,2030880.0,0,0.0,0.0,2.0,20480.0,0.0,0.0,2498949.0,105175286.0
"2022-05-06 17:09:55",tcpdump,1,0.0,0.0,0.0,0.0,2030880.0,0,0.0,0.0,0.0,0.0,0.0,0.0,6655.0,688645.0
"2022-05-06 17:09:56",firewall,2,0.0,0.0,0.0,0.0,3082280.0,0,0.0,0.0,2.0,16384.0,289109.0,315631858.0,127549766.0,8176488924.0
"2022-05-06 17:09:56",snort-ids,1,0.0,0.0,0.0,0.0,2030880.0,0,0.0,0.0,2.0,20480.0,0.0,0.0,2498949.0,105175286.0
"2022-05-06 17:09:56",tcpdump,1,0.0,0.0,0.0,0.0,2030880.0,0,0.0,0.0,2.0,20480.0,0.0,0.0,6655.0,688645.0
"2022-05-06 17:09:57",firewall,2,0.0,0.0,0.0,0.0,3082280.0,0,0.0,0.0,2.0,16384.0,342367.0,373890862.0,127588907.0,8179072230.0
"2022-05-06 17:09:57",snort-ids,1,0.0,0.0,0.0,0.0,2030880.0,0,0.0,0.0,2.0,20480.0,0.0,0.0,2498949.0,105175286.0
"2022-05-06 17:09:57",tcpdump,1,0.0,0.0,0.0,0.0,2030880.0,0,0.0,0.0,2.0,20480.0,0.0,0.0,6655.0,688645.0
"2022-05-06 17:09:58",firewall,2,0.0,0.0,0.0,0.0,3082280.0,0,0.0,0.0,2.0,16384.0,390495.0,426350806.0,127625001.0,8181454434.0
"2022-05-06 17:09:58",tcpdump,1,0.0,0.0,0.0,0.0,2030880.0,0,0.0,0.0,2.0,20480.0,0.0,0.0,6655.0,688645.0
"2022-05-06 17:09:58",snort-ids,1,0.0,0.0,0.0,0.0,2030880.0,0,0.0,0.0,2.0,20480.0,0.0,0.0,2498949.0,105175286.0
"2022-05-06 17:09:59",firewall,2,0.0,0.0,0.0,0.0,3082280.0,0,0.0,0.0,2.0,16384.0,443588.0,484222176.0,127664821.0,8184082554.0
"2022-05-06 17:09:59",snort-ids,1,0.0,0.0,0.0,0.0,2030880.0,0,0.0,0.0,2.0,20480.0,0.0,0.0,2498949.0,105175286.0
"2022-05-06 17:09:59",tcpdump,1,0.0,0.0,0.0,0.0,2030880.0,0,0.0,0.0,2.0,20480.0,0.0,0.0,6655.0,688645.0
"2022-05-06 17:13:16",tcpdump,1,0.0,0.0,0.0,0.0,2030880.0,0,0.0,0.0,0.0,0.0,0.0,0.0,6707.0,698515.0
"2022-05-06 17:13:16",netsniff-ng,1,0.0,0.0,0.0,0.0,2030880.0,0,3.0,40960.0,0.0,0.0,0.0,0.0,195974.0,8467503.0
"2022-05-06 17:13:16",suricata-ids,1,0.0,0.0,0.0,0.0,2030880.0,0,0.0,0.0,37.0,245760.0,0.0,0.0,1116524.0,47036471.0
"2022-05-06 17:13:17",tcpdump,1,0.0,0.0,0.0,0.0,2030880.0,0,0.0,0.0,20.0,155648.0,0.0,0.0,6707.0,698515.0
"2022-05-06 17:13:17",netsniff-ng,1,0.0,0.0,0.0,0.0,2030880.0,0,3.0,40960.0,0.0,0.0,0.0,0.0,195974.0,8467503.0
"2022-05-06 17:13:17",suricata-ids,1,0.0,0.0,0.0,0.0,2030880.0,0,0.0,0.0,37.0,245760.0,0.0,0.0,1116524.0,47036471.0
"2022-05-06 17:13:18",tcpdump,1,0.0,0.0,0.0,0.0,2030880.0,0,0.0,0.0,20.0,155648.0,0.0,0.0,6707.0,698515.0
"2022-05-06 17:13:18",netsniff-ng,1,0.0,0.0,0.0,0.0,2030880.0,0,3.0,40960.0,0.0,0.0,0.0,0.0,195974.0,8467503.0
"2022-05-06 17:13:18",suricata-ids,1,0.0,0.0,0.0,0.0,2030880.0,0,0.0,0.0,37.0,245760.0,0.0,0.0,1116524.0,47036471.0
"2022-05-06 17:13:19",tcpdump,1,0.0,0.0,0.0,0.0,2030880.0,0,0.0,0.0,20.0,155648.0,0.0,0.0,6707.0,698515.0
"2022-05-06 17:13:19",netsniff-ng,1,0.0,0.0,0.0,0.0,2030880.0,0,3.0,40960.0,0.0,0.0,0.0,0.0,195974.0,8467503.0
"2022-05-06 17:13:19",suricata-ids,1,0.0,0.0,0.0,0.0,2030880.0,0,0.0,0.0,37.0,245760.0,0.0,0.0,1116524.0,47036471.0
"2022-05-06 17:13:20",tcpdump,1,0.0,0.0,0.0,0.0,2030880.0,0,0.0,0.0,20.0,155648.0,0.0,0.0,6707.0,698515.0
"2022-05-06 17:13:20",netsniff-ng,1,0.0,0.0,0.0,0.0,2030880.0,0,3.0,40960.0,2.0,20480.0,0.0,0.0,195974.0,8467503.0
"2022-05-06 17:13:20",suricata-ids,1,0.0,0.0,0.0,0.0,2030880.0,0,0.0,0.0,37.0,245760.0,0.0,0.0,1116524.0,47036471.0
"2022-05-06 17:13:21",tcpdump,1,0.0,0.0,0.0,0.0,2030880.0,0,0.0,0.0,20.0,155648.0,0.0,0.0,6707.0,698515.0
"2022-05-06 17:13:21",netsniff-ng,1,0.0,0.0,0.0,0.0,2030880.0,0,3.0,40960.0,2.0,20480.0,0.0,0.0,195974.0,8467503.0
"2022-05-06 17:13:21",suricata-ids,1,0.0,0.0,0.0,0.0,2030880.0,0,0.0,0.0,40.0,430080.0,0.0,0.0,1116524.0,47036471.0
"2022-05-06 17:13:22",tcpdump,1,0.0,0.0,0.0,0.0,2030880.0,0,0.0,0.0,44.0,282624.0,0.0,0.0,6707.0,698515.0
"2022-05-06 17:13:22",netsniff-ng,1,0.0,0.0,0.0,0.0,2030880.0,0,3.0,40960.0,2.0,20480.0,0.0,0.0,195974.0,8467503.0
"2022-05-06 17:13:22",suricata-ids,1,0.0,0.0,0.0,0.0,2030880.0,0,0.0,0.0,40.0,430080.0,0.0,0.0,1116524.0,47036471.0
"2022-05-06 17:13:23",tcpdump,1,0.0,0.0,0.0,0.0,2030880.0,0,0.0,0.0,44.0,282624.0,0.0,0.0,6707.0,698515.0
"2022-05-06 17:13:23",netsniff-ng,1,0.0,0.0,0.0,0.0,2030880.0,0,3.0,40960.0,2.0,20480.0,0.0,0.0,195974.0,8467503.0
"2022-05-06 17:13:23",suricata-ids,1,0.0,0.0,0.0,0.0,2030880.0,0,0.0,0.0,40.0,430080.0,0.0,0.0,1116524.0,47036471.0
"2022-05-06 17:13:24",tcpdump,1,0.0,0.0,0.0,0.0,2030880.0,0,0.0,0.0,93.0,532480.0,0.0,0.0,6707.0,698515.0
"2022-05-06 17:13:24",netsniff-ng,1,0.0,0.0,0.0,0.0,2030880.0,0,3.0,40960.0,2.0,20480.0,0.0,0.0,195975.0,8467593.0
"2022-05-06 17:13:24",suricata-ids,1,0.0,0.0,0.0,0.0,2030880.0,0,0.0,0.0,40.0,430080.0,0.0,0.0,1116524.0,47036471.0
"2022-05-06 17:14:38",tcpdump,1,0.0,0.0,0.0,0.0,2030880.0,0,0.0,0.0,0.0,0.0,0.0,0.0,6731.0,703340.0
"2022-05-06 17:14:38",suricata-ids,1,0.0,0.0,0.0,0.0,2030880.0,0,0.0,0.0,0.0,0.0,0.0,0.0,1116550.0,47041428.0
"2022-05-06 17:14:38",netsniff-ng,1,0.0,0.0,0.0,0.0,2030880.0,0,0.0,0.0,0.0,0.0,0.0,0.0,196001.0,8472550.0
"2022-05-06 17:14:39",tcpdump,1,0.0,0.0,0.0,0.0,2030880.0,0,0.0,0.0,0.0,0.0,0.0,0.0,6731.0,703340.0
"2022-05-06 17:14:39",suricata-ids,1,0.0,0.0,0.0,0.0,2030880.0,0,0.0,0.0,2.0,32768.0,0.0,0.0,1116550.0,47041428.0
"2022-05-06 17:14:39",netsniff-ng,1,0.0,0.0,0.0,0.0,2030880.0,0,0.0,0.0,0.0,0.0,0.0,0.0,196001.0,8472550.0
"2022-05-06 17:14:40",tcpdump,1,0.0,0.0,0.0,0.0,2030880.0,0,0.0,0.0,0.0,0.0,0.0,0.0,6731.0,703340.0
"2022-05-06 17:14:40",suricata-ids,1,0.0,0.0,0.0,0.0,2030880.0,0,0.0,0.0,2.0,32768.0,0.0,0.0,1116550.0,47041428.0
"2022-05-06 17:14:40",netsniff-ng,1,0.0,0.0,0.0,0.0,2030880.0,0,0.0,0.0,0.0,0.0,0.0,0.0,196001.0,8472550.0
"2022-05-06 17:14:41",tcpdump,1,0.0,0.0,0.0,0.0,2030880.0,0,0.0,0.0,0.0,0.0,0.0,0.0,6731.0,703340.0
"2022-05-06 17:14:41",suricata-ids,1,0.0,0.0,0.0,0.0,2030880.0,0,0.0,0.0,2.0,32768.0,0.0,0.0,1116550.0,47041428.0
"2022-05-06 17:14:41",netsniff-ng,1,0.0,0.0,0.0,0.0,2030880.0,0,0.0,0.0,0.0,0.0,0.0,0.0,196001.0,8472550.0
"2022-05-06 17:14:42",tcpdump,1,0.0,0.0,0.0,0.0,2030880.0,0,0.0,0.0,2.0,20480.0,0.0,0.0,6731.0,703340.0
"2022-05-06 17:14:42",suricata-ids,1,0.0,0.0,0.0,0.0,2030880.0,0,0.0,0.0,2.0,32768.0,0.0,0.0,1116550.0,47041428.0
"2022-05-06 17:14:42",netsniff-ng,1,0.0,0.0,0.0,0.0,2030880.0,0,0.0,0.0,2.0,20480.0,0.0,0.0,196001.0,8472550.0
"2022-05-06 17:14:43",suricata-ids,1,0.0,0.0,0.0,0.0,2030880.0,0,0.0,0.0,2.0,32768.0,0.0,0.0,1116550.0,47041428.0
"2022-05-06 17:14:43",netsniff-ng,1,0.0,0.0,0.0,0.0,2030880.0,0,0.0,0.0,2.0,20480.0,0.0,0.0,196001.0,8472550.0
"2022-05-06 17:14:43",tcpdump,1,0.0,0.0,0.0,0.0,2030880.0,0,0.0,0.0,2.0,20480.0,0.0,0.0,6731.0,703340.0
"2022-05-06 17:14:44",suricata-ids,1,0.0,0.0,0.0,0.0,2030880.0,0,0.0,0.0,2.0,32768.0,0.0,0.0,1116550.0,47041428.0
"2022-05-06 17:14:44",netsniff-ng,1,0.0,0.0,0.0,0.0,2030880.0,0,0.0,0.0,2.0,20480.0,0.0,0.0,196001.0,8472550.0
"2022-05-06 17:14:44",tcpdump,1,0.0,0.0,0.0,0.0,2030880.0,0,0.0,0.0,2.0,20480.0,0.0,0.0,6731.0,703340.0
"2022-05-06 17:14:45",tcpdump,1,0.0,0.0,0.0,0.0,2030880.0,0,0.0,0.0,2.0,20480.0,0.0,0.0,6731.0,703340.0
"2022-05-06 17:14:45",netsniff-ng,1,0.0,0.0,0.0,0.0,2030880.0,0,0.0,0.0,2.0,20480.0,0.0,0.0,196001.0,8472550.0
"2022-05-06 17:14:45",suricata-ids,1,0.0,0.0,0.0,0.0,2030880.0,0,0.0,0.0,4.0,53248.0,0.0,0.0,1116550.0,47041428.0
"2022-05-06 17:14:46",netsniff-ng,1,0.0,0.0,0.0,0.0,2030880.0,0,0.0,0.0,2.0,20480.0,0.0,0.0,196001.0,8472550.0
"2022-05-06 17:14:46",tcpdump,1,0.0,0.0,0.0,0.0,2030880.0,0,0.0,0.0,2.0,20480.0,0.0,0.0,6731.0,703340.0
"2022-05-06 17:14:46",suricata-ids,1,0.0,0.0,0.0,0.0,2030880.0,0,0.0,0.0,4.0,53248.0,0.0,0.0,1116550.0,47041428.0
"2022-05-06 17:16:08",netsniff-ng,1,0.0,0.0,0.0,0.0,2030880.0,0,0.0,0.0,0.0,0.0,0.0,0.0,196031.0,8477723.0
"2022-05-06 17:16:08",tcpdump,1,0.0,0.0,0.0,0.0,2030880.0,0,0.0,0.0,0.0,0.0,0.0,0.0,6757.0,708297.0
"2022-05-06 17:16:08",suricata-ids,1,0.0,0.0,0.0,0.0,2030880.0,0,0.0,0.0,0.0,0.0,0.0,0.0,1116576.0,47046385.0
"2022-05-06 17:16:09",netsniff-ng,1,0.0,0.0,0.0,0.0,2030880.0,0,0.0,0.0,0.0,0.0,0.0,0.0,196031.0,8477723.0
"2022-05-06 17:16:09",tcpdump,1,0.0,0.0,0.0,0.0,2030880.0,0,0.0,0.0,0.0,0.0,0.0,0.0,6757.0,708297.0
"2022-05-06 17:16:09",suricata-ids,1,0.0,0.0,0.0,0.0,2030880.0,0,0.0,0.0,2.0,24576.0,0.0,0.0,1116576.0,47046385.0
"2022-05-06 17:16:10",netsniff-ng,1,0.0,0.0,0.0,0.0,2030880.0,0,0.0,0.0,0.0,0.0,0.0,0.0,196031.0,8477723.0
"2022-05-06 17:16:10",suricata-ids,1,0.0,0.0,0.0,0.0,2030880.0,0,0.0,0.0,2.0,24576.0,0.0,0.0,1116576.0,47046385.0
"2022-05-06 17:16:10",tcpdump,1,0.0,0.0,0.0,0.0,2030880.0,0,0.0,0.0,0.0,0.0,0.0,0.0,6757.0,708297.0
"2022-05-06 17:16:11",tcpdump,1,0.0,0.0,0.0,0.0,2030880.0,0,0.0,0.0,0.0,0.0,0.0,0.0,6757.0,708297.0
"2022-05-06 17:16:11",netsniff-ng,1,0.0,0.0,0.0,0.0,2030880.0,0,0.0,0.0,46.0,225280.0,0.0,0.0,196031.0,8477723.0
"2022-05-06 17:16:11",suricata-ids,1,0.0,0.0,0.0,0.0,2030880.0,0,0.0,0.0,2.0,24576.0,0.0,0.0,1116576.0,47046385.0
"2022-05-06 17:16:12",tcpdump,1,0.0,0.0,0.0,0.0,2030880.0,0,0.0,0.0,0.0,0.0,0.0,0.0,6757.0,708297.0
"2022-05-06 17:16:12",netsniff-ng,1,0.0,0.0,0.0,0.0,2030880.0,0,0.0,0.0,46.0,225280.0,0.0,0.0,196031.0,8477723.0
"2022-05-06 17:16:12",suricata-ids,1,0.0,0.0,0.0,0.0,2030880.0,0,0.0,0.0,2.0,24576.0,0.0,0.0,1116576.0,47046385.0
"2022-05-06 17:16:13",tcpdump,1,0.0,0.0,0.0,0.0,2030880.0,0,0.0,0.0,2.0,20480.0,0.0,0.0,6757.0,708297.0
"2022-05-06 17:16:13",netsniff-ng,1,0.0,0.0,0.0,0.0,2030880.0,0,0.0,0.0,46.0,225280.0,0.0,0.0,196031.0,8477723.0
"2022-05-06 17:16:13",suricata-ids,1,0.0,0.0,0.0,0.0,2030880.0,0,0.0,0.0,2.0,24576.0,0.0,0.0,1116576.0,47046385.0
"2022-05-06 17:16:14",tcpdump,1,0.0,0.0,0.0,0.0,2030880.0,0,0.0,0.0,2.0,20480.0,0.0,0.0,6757.0,708297.0
"2022-05-06 17:16:14",netsniff-ng,1,0.0,0.0,0.0,0.0,2030880.0,0,0.0,0.0,46.0,225280.0,0.0,0.0,196031.0,8477723.0
"2022-05-06 17:16:14",suricata-ids,1,0.0,0.0,0.0,0.0,2030880.0,0,0.0,0.0,2.0,24576.0,0.0,0.0,1116576.0,47046385.0
"2022-05-06 17:16:15",tcpdump,1,0.0,0.0,0.0,0.0,2030880.0,0,0.0,0.0,2.0,20480.0,0.0,0.0,6757.0,708297.0
"2022-05-06 17:16:15",netsniff-ng,1,0.0,0.0,0.0,0.0,2030880.0,0,0.0,0.0,46.0,225280.0,0.0,0.0,196031.0,8477723.0
"2022-05-06 17:16:15",suricata-ids,1,0.0,0.0,0.0,0.0,2030880.0,0,0.0,0.0,4.0,45056.0,0.0,0.0,1116576.0,47046385.0
"2022-05-06 17:16:16",tcpdump,1,0.0,0.0,0.0,0.0,2030880.0,0,0.0,0.0,2.0,20480.0,0.0,0.0,6757.0,708297.0
"2022-05-06 17:16:16",netsniff-ng,1,0.0,0.0,0.0,0.0,2030880.0,0,0.0,0.0,46.0,225280.0,0.0,0.0,196031.0,8477723.0
"2022-05-06 17:16:16",suricata-ids,1,0.0,0.0,0.0,0.0,2030880.0,0,0.0,0.0,4.0,45056.0,0.0,0.0,1116576.0,47046385.0
"2022-05-06 17:17:38",tcpdump,1,0.0,0.0,0.0,0.0,2030880.0,0,0.0,0.0,0.0,0.0,0.0,0.0,6784.0,713344.0
"2022-05-06 17:17:39",netsniff-ng,1,0.0,0.0,0.0,0.0,2030880.0,0,0.0,0.0,0.0,0.0,0.0,0.0,196056.0,8482590.0
"2022-05-06 17:17:39",suricata-ids,1,0.0,0.0,0.0,0.0,2030880.0,0,0.0,0.0,0.0,0.0,0.0,0.0,1116602.0,47051342.0
"2022-05-06 17:17:39",tcpdump,1,0.0,0.0,0.0,0.0,2030880.0,0,0.0,0.0,0.0,0.0,0.0,0.0,6784.0,713344.0
"2022-05-06 17:17:40",netsniff-ng,1,0.0,0.0,0.0,0.0,2030880.0,0,0.0,0.0,0.0,0.0,0.0,0.0,196056.0,8482590.0
"2022-05-06 17:17:40",suricata-ids,1,0.0,0.0,0.0,0.0,2030880.0,0,0.0,0.0,6.0,24576.0,0.0,0.0,1116602.0,47051342.0
"2022-05-06 17:17:40",tcpdump,1,0.0,0.0,0.0,0.0,2030880.0,0,0.0,0.0,0.0,0.0,0.0,0.0,6784.0,713344.0
"2022-05-06 17:17:41",netsniff-ng,1,0.0,0.0,0.0,0.0,2030880.0,0,0.0,0.0,0.0,0.0,0.0,0.0,196056.0,8482590.0
"2022-05-06 17:17:41",suricata-ids,1,0.0,0.0,0.0,0.0,2030880.0,0,0.0,0.0,6.0,24576.0,0.0,0.0,1116602.0,47051342.0
"2022-05-06 17:17:41",tcpdump,1,0.0,0.0,0.0,0.0,2030880.0,0,0.0,0.0,0.0,0.0,0.0,0.0,6784.0,713344.0
"2022-05-06 17:17:42",netsniff-ng,1,0.0,0.0,0.0,0.0,2030880.0,0,0.0,0.0,0.0,0.0,0.0,0.0,196056.0,8482590.0
"2022-05-06 17:17:42",suricata-ids,1,0.0,0.0,0.0,0.0,2030880.0,0,0.0,0.0,6.0,24576.0,0.0,0.0,1116602.0,47051342.0
"2022-05-06 17:17:42",tcpdump,1,0.0,0.0,0.0,0.0,2030880.0,0,0.0,0.0,0.0,0.0,0.0,0.0,6784.0,713344.0
"2022-05-06 17:17:43",netsniff-ng,1,0.0,0.0,0.0,0.0,2030880.0,0,0.0,0.0,2.0,20480.0,0.0,0.0,196056.0,8482590.0
"2022-05-06 17:17:43",suricata-ids,1,0.0,0.0,0.0,0.0,2030880.0,0,0.0,0.0,8.0,49152.0,0.0,0.0,1116602.0,47051342.0
"2022-05-06 17:17:43",tcpdump,1,0.0,0.0,0.0,0.0,2030880.0,0,0.0,0.0,2.0,20480.0,0.0,0.0,6784.0,713344.0
"2022-05-06 17:17:44",netsniff-ng,1,0.0,0.0,0.0,0.0,2030880.0,0,0.0,0.0,2.0,20480.0,0.0,0.0,196056.0,8482590.0
"2022-05-06 17:17:44",suricata-ids,1,0.0,0.0,0.0,0.0,2030880.0,0,0.0,0.0,8.0,49152.0,0.0,0.0,1116602.0,47051342.0
"2022-05-06 17:17:44",tcpdump,1,0.0,0.0,0.0,0.0,2030880.0,0,0.0,0.0,2.0,20480.0,0.0,0.0,6784.0,713344.0
"2022-05-06 17:17:45",netsniff-ng,1,0.0,0.0,0.0,0.0,2030880.0,0,0.0,0.0,2.0,20480.0,0.0,0.0,196056.0,8482590.0
"2022-05-06 17:17:45",suricata-ids,1,0.0,0.0,0.0,0.0,2030880.0,0,0.0,0.0,8.0,49152.0,0.0,0.0,1116602.0,47051342.0
"2022-05-06 17:17:45",suricata-ids,1,0.0,0.0,0.0,0.0,2030880.0,0,0.0,0.0,8.0,49152.0,0.0,0.0,1116602.0,47051342.0
"2022-05-06 17:17:46",netsniff-ng,1,0.0,0.0,0.0,0.0,2030880.0,0,0.0,0.0,2.0,20480.0,0.0,0.0,196056.0,8482590.0
"2022-05-06 17:17:46",tcpdump,1,0.0,0.0,0.0,0.0,2030880.0,0,0.0,0.0,2.0,20480.0,0.0,0.0,6784.0,713344.0
"2022-05-06 17:17:46",tcpdump,1,0.0,0.0,0.0,0.0,2030880.0,0,0.0,0.0,2.0,20480.0,0.0,0.0,6784.0,713344.0
"2022-05-06 17:17:47",netsniff-ng,1,0.0,0.0,0.0,0.0,2030880.0,0,0.0,0.0,2.0,20480.0,0.0,0.0,196056.0,8482590.0
"2022-05-06 17:17:47",suricata-ids,1,0.0,0.0,0.0,0.0,2030880.0,0,0.0,0.0,8.0,49152.0,0.0,0.0,1116602.0,47051342.0
"2022-05-06 17:19:09",netsniff-ng,1,0.0,0.0,0.0,0.0,2030880.0,0,0.0,0.0,0.0,0.0,0.0,0.0,196083.0,8487613.0
"2022-05-06 17:19:09",tcpdump,1,0.0,0.0,0.0,0.0,2030880.0,0,0.0,0.0,0.0,0.0,0.0,0.0,6810.0,718301.0
"2022-05-06 17:19:09",suricata-ids,1,0.0,0.0,0.0,0.0,2030880.0,0,0.0,0.0,0.0,0.0,0.0,0.0,1116629.0,47056389.0
"2022-05-06 17:19:10",suricata-ids,1,0.0,0.0,0.0,0.0,2030880.0,0,0.0,0.0,0.0,0.0,0.0,0.0,1116629.0,47056389.0
"2022-05-06 17:19:10",tcpdump,1,0.0,0.0,0.0,0.0,2030880.0,0,0.0,0.0,0.0,0.0,0.0,0.0,6810.0,718301.0
"2022-05-06 17:19:10",netsniff-ng,1,0.0,0.0,0.0,0.0,2030880.0,0,0.0,0.0,0.0,0.0,0.0,0.0,196083.0,8487613.0
"2022-05-06 17:19:11",tcpdump,1,0.0,0.0,0.0,0.0,2030880.0,0,0.0,0.0,0.0,0.0,0.0,0.0,6810.0,718301.0
"2022-05-06 17:19:11",netsniff-ng,1,0.0,0.0,0.0,0.0,2030880.0,0,0.0,0.0,0.0,0.0,0.0,0.0,196083.0,8487613.0
"2022-05-06 17:19:11",suricata-ids,1,0.0,0.0,0.0,0.0,2030880.0,0,0.0,0.0,0.0,0.0,0.0,0.0,1116629.0,47056389.0
"2022-05-06 17:19:12",tcpdump,1,0.0,0.0,0.0,0.0,2030880.0,0,0.0,0.0,0.0,0.0,0.0,0.0,6810.0,718301.0
"2022-05-06 17:19:12",netsniff-ng,1,0.0,0.0,0.0,0.0,2030880.0,0,0.0,0.0,0.0,0.0,0.0,0.0,196083.0,8487613.0
"2022-05-06 17:19:12",suricata-ids,1,0.0,0.0,0.0,0.0,2030880.0,0,0.0,0.0,0.0,0.0,0.0,0.0,1116629.0,47056389.0
"2022-05-06 17:19:13",tcpdump,1,0.0,0.0,0.0,0.0,2030880.0,0,0.0,0.0,2.0,16384.0,0.0,0.0,6810.0,718301.0
"2022-05-06 17:19:13",netsniff-ng,1,0.0,0.0,0.0,0.0,2030880.0,0,0.0,0.0,2.0,20480.0,0.0,0.0,196083.0,8487613.0
"2022-05-06 17:19:13",suricata-ids,1,0.0,0.0,0.0,0.0,2030880.0,0,0.0,0.0,38.0,262144.0,0.0,0.0,1116629.0,47056389.0
"2022-05-06 17:19:14",tcpdump,1,0.0,0.0,0.0,0.0,2030880.0,0,0.0,0.0,2.0,16384.0,0.0,0.0,6810.0,718301.0
"2022-05-06 17:19:14",netsniff-ng,1,0.0,0.0,0.0,0.0,2030880.0,0,0.0,0.0,2.0,20480.0,0.0,0.0,196083.0,8487613.0
"2022-05-06 17:19:14",suricata-ids,1,0.0,0.0,0.0,0.0,2030880.0,0,0.0,0.0,38.0,262144.0,0.0,0.0,1116629.0,47056389.0
"2022-05-06 17:19:15",tcpdump,1,0.0,0.0,0.0,0.0,2030880.0,0,0.0,0.0,2.0,16384.0,0.0,0.0,6810.0,718301.0
"2022-05-06 17:19:15",netsniff-ng,1,0.0,0.0,0.0,0.0,2030880.0,0,0.0,0.0,2.0,20480.0,0.0,0.0,196083.0,8487613.0
"2022-05-06 17:19:15",suricata-ids,1,0.0,0.0,0.0,0.0,2030880.0,0,0.0,0.0,38.0,262144.0,0.0,0.0,1116629.0,47056389.0
"2022-05-06 17:19:16",tcpdump,1,0.0,0.0,0.0,0.0,2030880.0,0,0.0,0.0,2.0,16384.0,0.0,0.0,6810.0,718301.0
"2022-05-06 17:19:16",netsniff-ng,1,0.0,0.0,0.0,0.0,2030880.0,0,0.0,0.0,2.0,20480.0,0.0,0.0,196083.0,8487613.0
"2022-05-06 17:19:16",suricata-ids,1,0.0,0.0,0.0,0.0,2030880.0,0,0.0,0.0,38.0,262144.0,0.0,0.0,1116629.0,47056389.0
"2022-05-06 17:19:17",netsniff-ng,1,0.0,0.0,0.0,0.0,2030880.0,0,0.0,0.0,2.0,20480.0,0.0,0.0,196083.0,8487613.0
"2022-05-06 17:19:17",suricata-ids,1,0.0,0.0,0.0,0.0,2030880.0,0,0.0,0.0,38.0,262144.0,0.0,0.0,1116629.0,47056389.0
"2022-05-06 17:19:17",tcpdump,1,0.0,0.0,0.0,0.0,2030880.0,0,0.0,0.0,2.0,16384.0,0.0,0.0,6810.0,718301.0
